item_id,split,stratum,candidate_family_id,cluster_id,source_run_id,section_ids,pair_a_id,pair_b_id,double_annotation,shown_a,memberships
SL001,heldout,cross_chapter_long_distance,F2d2957d9,F2d2957d9,slice3_c2,1.2|2.5,c_lost_frame,c_frame,no,c_lost_frame,confusables_difficult_negatives|one_token_polysemy|cross_chapter_long_distance
SL002,heldout,cross_chapter_long_distance,F9ddcfaa8,F9ddcfaa8,slice3_c2,1.2|2.4,c_bit_error,c_double_bit_error,no,c_bit_error,deterministic_r1_r3|confusables_difficult_negatives|cross_chapter_long_distance
SL003,heldout,deterministic_r1_r3,F8d9270c7,F8d9270c7,slice3_c2,1.3,c_7_layer_model,c_7_layer_osi_model,yes,c_7_layer_model,deterministic_r1_r3|confusables_difficult_negatives
SL004,dev,confusables_difficult_negatives,Fd616ab84,Fd616ab84,slice3_c2,2-problem-connecting-to-a-network|2.8,c_pon,c_g_pon,no,c_pon,confusables_difficult_negatives|one_token_polysemy
SL005,heldout,cluster_bridge_transitive_risk,Fdbda83b9,Fdbda83b9,slice3_c2,1.2|2.8,c_single_point_to_point_link,c_point_to_multipoint_design,yes,c_single_point_to_point_link,cluster_bridge_transitive_risk
SL006,heldout,high_similarity_r4,F97394f83,F97394f83,slice3_c2,1.4,c_active_open,c_passive_open,yes,c_active_open,high_similarity_r4
SL007,heldout,cluster_bridge_transitive_risk,F533bbdb6,F533bbdb6,slice3_c2,2.3,c_sts_n_payload,c_sts_3c_frame,no,c_sts_n_payload,cluster_bridge_transitive_risk
SL008,dev,confusables_difficult_negatives,Fa9811685,Fa9811685,slice3_c2,1.4|3.1,c_next_port_entry,c_port,no,c_next_port_entry,confusables_difficult_negatives
SL009,heldout,cluster_bridge_transitive_risk,F9c514c81,F9c514c81,slice3_c2,2.3|3.3,c_point_to_point_protocol,c_host_to_host_service,yes,c_point_to_point_protocol,cluster_bridge_transitive_risk
SL010,dev,deterministic_r1_r3,Faada37ba,Faada37ba,slice3_c2,3.3,c_address_class,c_class_d_address,no,c_address_class,deterministic_r1_r3|confusables_difficult_negatives
SL011,heldout,confusables_difficult_negatives,Ff39a3a44,Ff39a3a44,slice3_c2,1-perspective-feature-velocity|1-problem-building-a-network,c_general_purpose_programmable_hardware,c_hardware_upgrade,no,c_general_purpose_programmable_hardware,confusables_difficult_negatives
SL012,heldout,deterministic_r1_r3,F70eba7c6,F70eba7c6,slice3_c2,1.5,c_instructions_per_mile,c_instructions_per_second,no,c_instructions_per_mile,deterministic_r1_r3
SL013,dev,deterministic_r1_r3,Fbac0e64e,Fbac0e64e,slice3_c2,3.1,c_source_route_option,c_loose_source_route,no,c_source_route_option,deterministic_r1_r3
SL014,heldout,cluster_bridge_transitive_risk,F46d1289c,F46d1289c,slice3_c2,1.3|2.6,c_end_to_end_protocol,c_point_to_point,no,c_end_to_end_protocol,cluster_bridge_transitive_risk
SL015,heldout,one_token_polysemy,F6f90952f,F6f90952f,slice3_c2,2-problem-connecting-to-a-network,c_5g,c_4g,no,c_5g,high_similarity_r4|one_token_polysemy
SL016,heldout,cross_chapter_long_distance,F62dbb6c6,F62dbb6c6,slice3_c2,2.7|3.2,c_ieee_802_1_specification,c_ieee_802_15_1,no,c_ieee_802_1_specification,deterministic_r1_r3|confusables_difficult_negatives|cross_chapter_long_distance
SL017,dev,cross_chapter_long_distance,F3eae04b9,F3eae04b9,slice3_c2,1.4|3.3,c_ip_address_space,c_ip_address,no,c_ip_address_space,deterministic_r1_r3|confusables_difficult_negatives|cross_chapter_long_distance
SL018,dev,cluster_bridge_transitive_risk,F44f72626,F44f72626,slice3_c2,1.2|1.3,c_host_to_host_protocol,c_point_to_point_link,no,c_host_to_host_protocol,cluster_bridge_transitive_risk
SL019,heldout,cross_chapter_long_distance,Fee51ca08,Fee51ca08,slice3_c2,1.2|2.6,c_multicast,c_multicast_address,yes,c_multicast,confusables_difficult_negatives|one_token_polysemy|cross_chapter_long_distance
SL020,dev,cluster_bridge_transitive_risk,Fb12b8e86,Fb12b8e86,slice3_c2,2-problem-connecting-to-a-network|2.8,c_carrier_sense_multiple_access_network,c_radio_access_network,no,c_carrier_sense_multiple_access_network,cluster_bridge_transitive_risk
SL021,dev,high_similarity_r4,Fd61a532b,Fd61a532b,slice3_c2,1.3|3-perspective-virtual-networks-all-the-way-down,c_underlying_ethernet,c_ethernet,no,c_underlying_ethernet,high_similarity_r4|confusables_difficult_negatives|one_token_polysemy|cross_chapter_long_distance
SL022,heldout,deterministic_r1_r3,Fecf99733,Fecf99733,slice3_c2,2.4|3.4,c_satellite_link,c_high_speed_satellite_link,yes,c_satellite_link,deterministic_r1_r3|confusables_difficult_negatives|cross_chapter_long_distance
SL023,dev,cluster_bridge_transitive_risk,F93341b03,F93341b03,slice3_c2,1.3,c_network_protocol,c_protocol_specification,no,c_network_protocol,cluster_bridge_transitive_risk
SL024,dev,high_similarity_r4,F35fb0fb2,F35fb0fb2,slice3_c2,2-perspective-race-to-the-edge|3-perspective-virtual-networks-all-the-way-down,c_virtualization_of_computing_resources,c_virtualization,no,c_virtualization_of_computing_resources,high_similarity_r4|confusables_difficult_negatives|one_token_polysemy|cross_chapter_long_distance
SL025,dev,deterministic_r1_r3,F434481c5,F434481c5,slice3_c2,2-perspective-race-to-the-edge,c_access_edge,c_access_edge_cloud,no,c_access_edge,deterministic_r1_r3|confusables_difficult_negatives|one_token_polysemy
SL026,heldout,cluster_bridge_transitive_risk,Fecf99733,Fecf99733,slice3_c2,2.3|2.4,c_high_speed_link,c_satellite_link,yes,c_high_speed_link,cluster_bridge_transitive_risk
SL027,heldout,confusables_difficult_negatives,Fe4807dd7,Fe4807dd7,slice3_c2,1.1|1.5,c_delay_requirement,c_delay,yes,c_delay_requirement,high_similarity_r4|confusables_difficult_negatives|one_token_polysemy
SL028,dev,one_token_polysemy,Fb48c5a16,Fb48c5a16,slice3_c2,1.2|1.3,c_layering,c_layer,no,c_layering,confusables_difficult_negatives|one_token_polysemy
SL029,dev,cluster_bridge_transitive_risk,F67bdb698,F67bdb698,slice3_c2,1.5,c_link_speed,c_high_speed_network,no,c_link_speed,cluster_bridge_transitive_risk
SL030,heldout,high_similarity_r4,F7259c9c7,F7259c9c7,slice3_c2,2.7,c_addr2,c_addr1,no,c_addr2,high_similarity_r4|one_token_polysemy
SL031,dev,cross_chapter_long_distance,F2d609aec,F2d609aec,slice3_c2,1.2|2.8,c_optical_network_unit,c_optical_networking,no,c_optical_network_unit,high_similarity_r4|cross_chapter_long_distance
SL032,dev,high_similarity_r4,F439a214d,F439a214d,slice3_c2,1-perspective-feature-velocity|2.2,c_framing,c_framing_protocol,no,c_framing,high_similarity_r4|confusables_difficult_negatives|one_token_polysemy|cross_chapter_long_distance
SL033,heldout,cluster_bridge_transitive_risk,F26b3a78e,F26b3a78e,slice3_c2,3.1,c_permanent_virtual_circuit,c_virtual_path_identifier,no,c_permanent_virtual_circuit,cluster_bridge_transitive_risk
SL034,heldout,one_token_polysemy,Fee51ca08,Fee51ca08,slice3_c2,1.2|3.2,c_multicast_group,c_multicast,no,c_multicast_group,confusables_difficult_negatives|one_token_polysemy|cross_chapter_long_distance
SL035,dev,deterministic_r1_r3,F97363a2a,F97363a2a,slice3_c2,3-perspective-virtual-networks-all-the-way-down,c_network_virtualization,c_network_virtualization_platform,no,c_network_virtualization,deterministic_r1_r3|confusables_difficult_negatives
SL036,heldout,cross_chapter_long_distance,F294590c4,F294590c4,slice3_c2,1.5|3.3,c_m,c_m_bit,yes,c_m,confusables_difficult_negatives|one_token_polysemy|cross_chapter_long_distance
SL037,heldout,one_token_polysemy,F3918996b,F3918996b,slice3_c2,1.2|1.3,c_circuit_switching,c_switching,no,c_circuit_switching,confusables_difficult_negatives|one_token_polysemy
SL038,heldout,high_similarity_r4,F731339df,F731339df,slice3_c2,2-problem-connecting-to-a-network|2.2,c_encoding,c_encoding_scheme,no,c_encoding,high_similarity_r4|confusables_difficult_negatives|one_token_polysemy
SL039,heldout,confusables_difficult_negatives,F07c894f4,F07c894f4,slice3_c2,1.1|3.1,c_connection,c_connectionless_approach,no,c_connection,confusables_difficult_negatives
SL040,dev,deterministic_r1_r3,Fe17cacaf,Fe17cacaf,slice3_c2,2.3|2.7,c_802_11_frame_format,c_frame_format,no,c_802_11_frame_format,deterministic_r1_r3
SL041,heldout,high_similarity_r4,F7259c9c7,F7259c9c7,slice3_c2,2.7,c_addr4,c_addr1,yes,c_addr4,high_similarity_r4|one_token_polysemy
SL042,heldout,high_similarity_r4,Fb6f99b44,Fb6f99b44,slice3_c2,1.3,c_net_1,c_net_2,yes,c_net_1,high_similarity_r4
SL043,heldout,confusables_difficult_negatives,Fe0b5744e,Fe0b5744e,slice3_c2,2.3|3.3,c_address_field,c_physical_address,no,c_address_field,confusables_difficult_negatives
SL044,heldout,cluster_bridge_transitive_risk,Fdbda83b9,Fdbda83b9,slice3_c2,2-problem-connecting-to-a-network|2.8,c_point_to_multipoint_design,c_point_to_point_fiber_link,no,c_point_to_multipoint_design,cluster_bridge_transitive_risk
SL045,heldout,cluster_bridge_transitive_risk,Fd592324e,Fd592324e,slice3_c2,2-problem-connecting-to-a-network|2.3,c_high_level_data_link_control,c_link_level_technology,no,c_high_level_data_link_control,cluster_bridge_transitive_risk
SL046,heldout,confusables_difficult_negatives,F356d54e1,F356d54e1,slice3_c2,1.3|2.3,c_byte_boundary,c_reliable_byte_stream_channel,yes,c_byte_boundary,confusables_difficult_negatives
SL047,heldout,confusables_difficult_negatives,F00da9745,F00da9745,slice3_c2,1.1|3.2,c_message,c_configuration_message,yes,c_message,confusables_difficult_negatives|one_token_polysemy
SL048,heldout,deterministic_r1_r3,Ff8655cdb,Ff8655cdb,slice3_c2,1.2|1.3,c_request_reply_channel,c_request_reply_protocol,no,c_request_reply_channel,deterministic_r1_r3
SL049,heldout,cross_chapter_long_distance,F8baf423a,F8baf423a,slice3_c2,1.3|2.7,c_topology,c_network_topology,no,c_topology,confusables_difficult_negatives|one_token_polysemy|cross_chapter_long_distance
SL050,heldout,cluster_bridge_transitive_risk,F9a9a84bc,F9a9a84bc,slice3_c2,2.3|3.3,c_link_level_address,c_link_control_protocol,yes,c_link_level_address,cluster_bridge_transitive_risk
SL051,dev,cluster_bridge_transitive_risk,Fb12b8e86,Fb12b8e86,slice3_c2,2.3|2.6,c_carrier_sense_multiple_access_with_collision_detect,c_multiple_access_network,no,c_carrier_sense_multiple_access_with_collision_detect,confusables_difficult_negatives|cluster_bridge_transitive_risk
SL052,dev,cross_chapter_long_distance,F7e4468e9,F7e4468e9,slice3_c2,1.3|3.3,c_subnet_layer,c_subnet_mask,no,c_subnet_layer,confusables_difficult_negatives|cross_chapter_long_distance
SL053,dev,cross_chapter_long_distance,Fd61a532b,Fd61a532b,slice3_c2,1.2|3.2,c_switched_ethernet,c_switched_network,no,c_switched_ethernet,cross_chapter_long_distance
SL054,heldout,one_token_polysemy,F285bbd84,F285bbd84,slice3_c2,1.2,c_channel_abstraction,c_abstraction,no,c_channel_abstraction,one_token_polysemy
SL055,heldout,one_token_polysemy,F7e10ddd6,F7e10ddd6,slice3_c2,1.3,c_802_11_wi_fi_standard,c_standard,no,c_802_11_wi_fi_standard,one_token_polysemy
SL056,heldout,cross_chapter_long_distance,F3e5fbe91,F3e5fbe91,slice3_c2,1.1|2.7,c_high_bandwidth,c_bandwidth,no,c_high_bandwidth,high_similarity_r4|confusables_difficult_negatives|one_token_polysemy|cross_chapter_long_distance
SL057,heldout,cross_chapter_long_distance,F9ddcfaa8,F9ddcfaa8,slice3_c2,1.2|2.4,c_bit_error,c_single_bit_error,no,c_bit_error,deterministic_r1_r3|confusables_difficult_negatives|cross_chapter_long_distance
SL058,heldout,one_token_polysemy,Fc840f518,Fc840f518,slice3_c2,1.1|3.3,c_dhcp_server,c_server,yes,c_dhcp_server,one_token_polysemy
SL059,heldout,cross_chapter_long_distance,F9c514c81,F9c514c81,slice3_c2,1.2|3.3,c_host_to_host_connectivity,c_host_to_host_service,yes,c_host_to_host_connectivity,deterministic_r1_r3|cross_chapter_long_distance
SL060,heldout,high_similarity_r4,Ff353d8ea,Ff353d8ea,slice3_c2,1.3|2.6,c_network_adaptor,c_ethernet_adaptor,no,c_network_adaptor,high_similarity_r4|confusables_difficult_negatives|cross_chapter_long_distance
SL061,heldout,confusables_difficult_negatives,F489bdfed,F489bdfed,slice3_c2,3.4,c_triggered_update,c_update_packet,no,c_triggered_update,confusables_difficult_negatives
SL062,dev,confusables_difficult_negatives,F371ab304,F371ab304,slice3_c2,1-problem-building-a-network|3.1,c_computer_network,c_datagram_network,no,c_computer_network,confusables_difficult_negatives
SL063,heldout,deterministic_r1_r3,F023b180f,F023b180f,slice3_c2,2.5,c_last_frame_sent,c_last_frame_received,yes,c_last_frame_sent,deterministic_r1_r3
SL064,heldout,cluster_bridge_transitive_risk,F9a9a84bc,F9a9a84bc,slice3_c2,2.4|3.4,c_link_data,c_link_level_protocol,yes,c_link_data,cluster_bridge_transitive_risk
SL065,dev,high_similarity_r4,Ff3647eb6,Ff3647eb6,slice3_c2,2.4,c_checksum_algorithm,c_checksum_scheme,no,c_checksum_algorithm,high_similarity_r4
SL066,heldout,confusables_difficult_negatives,F79920c8c,F79920c8c,slice3_c2,2.3,c_binary_synchronous_communication,c_synchronization_character,yes,c_binary_synchronous_communication,confusables_difficult_negatives
SL067,heldout,cross_chapter_long_distance,F9c347119,F9c347119,slice3_c2,1.2|2.7,c_interference,c_electrical_interference,yes,c_interference,confusables_difficult_negatives|one_token_polysemy|cross_chapter_long_distance
SL068,heldout,one_token_polysemy,F6f90952f,F6f90952f,slice3_c2,2.8,c_1g,c_2g,no,c_1g,high_similarity_r4|one_token_polysemy
SL069,heldout,cross_chapter_long_distance,F07ca57d6,F07ca57d6,slice3_c2,1.2|3.1,c_path,c_virtual_path,no,c_path,confusables_difficult_negatives|one_token_polysemy|cross_chapter_long_distance
SL070,heldout,confusables_difficult_negatives,Fa4ea95e7,Fa4ea95e7,slice3_c2,1-problem-building-a-network|1.3,c_application_layer_protocol,c_network_applications,yes,c_application_layer_protocol,confusables_difficult_negatives
SL071,dev,cross_chapter_long_distance,F371ab304,F371ab304,slice3_c2,1-problem-building-a-network|3.3,c_network,c_ip_network,no,c_network,confusables_difficult_negatives|one_token_polysemy|cross_chapter_long_distance
SL072,dev,deterministic_r1_r3,F5407ed24,F5407ed24,slice3_c2,2.7|2.8,c_orthogonal_frequency_division_multiple_access,c_orthogonal_frequency_division_multiplexing,no,c_orthogonal_frequency_division_multiple_access,deterministic_r1_r3|confusables_difficult_negatives
SL073,heldout,cluster_bridge_transitive_risk,Fdc633252,Fdc633252,slice3_c2,2-problem-connecting-to-a-network|3-problem-not-all-networks-are-directly-connected,c_layer_2_connectivity,c_layer_3_switch,yes,c_layer_2_connectivity,cluster_bridge_transitive_risk
SL074,heldout,confusables_difficult_negatives,Ff39a3a44,Ff39a3a44,slice3_c2,1-problem-building-a-network,c_hardware_components,c_hardware,yes,c_hardware_components,high_similarity_r4|confusables_difficult_negatives|one_token_polysemy
SL075,dev,confusables_difficult_negatives,F8f9094ae,F8f9094ae,slice3_c2,2-problem-connecting-to-a-network|2.6,c_shared_medium,c_transmission_medium,no,c_shared_medium,confusables_difficult_negatives
SL076,dev,one_token_polysemy,Fb48c5a16,Fb48c5a16,slice3_c2,1.3,c_session_layer,c_layer,no,c_session_layer,one_token_polysemy
SL077,heldout,cluster_bridge_transitive_risk,F6111b03d,F6111b03d,slice3_c2,1.3|1.4,c_message_oriented_service,c_message_stream_protocol,no,c_message_oriented_service,cluster_bridge_transitive_risk
SL078,heldout,cluster_bridge_transitive_risk,F9c514c81,F9c514c81,slice3_c2,2.3|3.3,c_point_to_point_protocol,c_virtual_point_to_point_link,yes,c_point_to_point_protocol,cluster_bridge_transitive_risk
SL079,heldout,cross_chapter_long_distance,F59de6894,F59de6894,slice3_c2,2.2|3.1,c_signalling,c_signalling_component,no,c_signalling,confusables_difficult_negatives|one_token_polysemy|cross_chapter_long_distance
SL080,dev,one_token_polysemy,Fc17e74c4,Fc17e74c4,slice3_c2,2.1,c_spectrum,c_electromagnetic_spectrum,no,c_spectrum,confusables_difficult_negatives|one_token_polysemy
SL081,heldout,high_similarity_r4,F81b32ba2,F81b32ba2,slice3_c2,2.7,c_scanning,c_active_scanning,no,c_scanning,high_similarity_r4|confusables_difficult_negatives|one_token_polysemy
SL082,dev,high_similarity_r4,F44f72626,F44f72626,slice3_c2,1.5|3.1,c_one_way_latency,c_end_to_end_latency,no,c_one_way_latency,high_similarity_r4|confusables_difficult_negatives|cross_chapter_long_distance
SL083,heldout,cluster_bridge_transitive_risk,Fbe26da50,Fbe26da50,slice3_c2,3.3,c_class_a_address,c_class_c_network,no,c_class_a_address,cluster_bridge_transitive_risk
SL084,heldout,one_token_polysemy,Ff8655cdb,Ff8655cdb,slice3_c2,1.2|2.5,c_concurrent_logical_channels,c_channel,no,c_concurrent_logical_channels,one_token_polysemy
SL085,dev,high_similarity_r4,F93341b03,F93341b03,slice3_c2,1.1|1.3,c_network_protocol,c_protocol,no,c_network_protocol,high_similarity_r4|confusables_difficult_negatives|one_token_polysemy
SL086,dev,confusables_difficult_negatives,F7e4468e9,F7e4468e9,slice3_c2,3.3,c_subnetwork,c_subnet_mask,no,c_subnetwork,confusables_difficult_negatives
SL087,heldout,cross_chapter_long_distance,Fd5df0e7b,Fd5df0e7b,slice3_c2,1.3|2.8,c_edge_site,c_edge,yes,c_edge_site,confusables_difficult_negatives|one_token_polysemy|cross_chapter_long_distance
SL088,heldout,high_similarity_r4,F7e10ddd6,F7e10ddd6,slice3_c2,2.7,c_802_11n,c_802_11a,yes,c_802_11n,high_similarity_r4|one_token_polysemy
SL089,heldout,cross_chapter_long_distance,F9a9a84bc,F9a9a84bc,slice3_c2,2.4|3.3,c_link_level_protocol,c_link_level_address,yes,c_link_level_protocol,deterministic_r1_r3|cross_chapter_long_distance
SL090,heldout,high_similarity_r4,F7e10ddd6,F7e10ddd6,slice3_c2,2.7,c_802_11ac,c_802_11n,yes,c_802_11ac,high_similarity_r4|one_token_polysemy
SL091,heldout,deterministic_r1_r3,F8bb846a5,F8bb846a5,slice3_c2,3.1,c_strict_source_route,c_source_route,no,c_strict_source_route,deterministic_r1_r3|confusables_difficult_negatives
SL092,heldout,deterministic_r1_r3,F71f4efcf,F71f4efcf,slice3_c2,3.4,c_link_state,c_link_state_routing,yes,c_link_state,deterministic_r1_r3|confusables_difficult_negatives
SL093,heldout,cluster_bridge_transitive_risk,Fd592324e,Fd592324e,slice3_c2,1.3|2.3,c_data_link_layer,c_data_link_escape_character,yes,c_data_link_layer,cluster_bridge_transitive_risk
SL094,dev,high_similarity_r4,Fd81ad1e7,Fd81ad1e7,slice3_c2,1.2|3.3,c_routing,c_routing_protocol,no,c_routing,high_similarity_r4|confusables_difficult_negatives|one_token_polysemy|cross_chapter_long_distance
SL095,dev,one_token_polysemy,F7389e83b,F7389e83b,slice3_c2,1-problem-building-a-network|1.1,c_video_application,c_application,no,c_video_application,one_token_polysemy
SL096,heldout,deterministic_r1_r3,Fbe26da50,Fbe26da50,slice3_c2,3.3,c_class_a_address,c_class_e_address,no,c_class_a_address,deterministic_r1_r3
SL097,dev,high_similarity_r4,F35fb0fb2,F35fb0fb2,slice3_c2,2-perspective-race-to-the-edge|3-perspective-virtual-networks-all-the-way-down,c_virtualization,c_virtualize,no,c_virtualization,high_similarity_r4|one_token_polysemy|cross_chapter_long_distance
SL098,heldout,confusables_difficult_negatives,F39032bb5,F39032bb5,slice3_c2,1.1|1.4,c_network_interface,c_interface,yes,c_network_interface,high_similarity_r4|confusables_difficult_negatives|one_token_polysemy
SL099,heldout,high_similarity_r4,Fa63363f1,Fa63363f1,slice3_c2,1-perspective-feature-velocity|3.3,c_fragmentation,c_ip_fragmentation,no,c_fragmentation,high_similarity_r4|confusables_difficult_negatives|one_token_polysemy|cross_chapter_long_distance
SL100,dev,high_similarity_r4,F1d2f388a,F1d2f388a,slice3_c2,1.1|2.2,c_radio,c_internet_radio,no,c_radio,high_similarity_r4|confusables_difficult_negatives|one_token_polysemy|cross_chapter_long_distance
SL101,dev,confusables_difficult_negatives,F0e5972dd,F0e5972dd,slice3_c2,1-problem-building-a-network,c_device,c_smartphones,no,c_device,confusables_difficult_negatives
SL102,dev,one_token_polysemy,F35fb0fb2,F35fb0fb2,slice3_c2,3-perspective-virtual-networks-all-the-way-down,c_virtualize,c_server_virtualization,no,c_virtualize,one_token_polysemy
SL103,heldout,one_token_polysemy,F39032bb5,F39032bb5,slice3_c2,1.1|2.8,c_interface,c_air_interface,no,c_interface,confusables_difficult_negatives|one_token_polysemy
SL104,heldout,cross_chapter_long_distance,F75a60a67,F75a60a67,slice3_c2,1.2|2.2,c_sending_node,c_receiving_node,yes,c_sending_node,high_similarity_r4|cross_chapter_long_distance
SL105,dev,confusables_difficult_negatives,F29fe78b5,F29fe78b5,slice3_c2,3.4,c_password,c_authentication,no,c_password,confusables_difficult_negatives
SL106,heldout,cross_chapter_long_distance,F608168a0,F608168a0,slice3_c2,1.2|2.7,c_base_station,c_station,yes,c_base_station,confusables_difficult_negatives|one_token_polysemy|cross_chapter_long_distance
SL107,heldout,one_token_polysemy,Ff896c11f,Ff896c11f,slice3_c2,1-problem-building-a-network|1.1,c_hand_receivers,c_receiver,yes,c_hand_receivers,confusables_difficult_negatives|one_token_polysemy
SL108,heldout,cross_chapter_long_distance,F61e68542,F61e68542,slice3_c2,1.2|3.5,c_physical_processor,c_general_purpose_processor,yes,c_physical_processor,confusables_difficult_negatives|cross_chapter_long_distance
SL109,dev,deterministic_r1_r3,Fb12b8e86,Fb12b8e86,slice3_c2,2.3|2.8,c_multiple_access_network,c_radio_access_network,no,c_multiple_access_network,deterministic_r1_r3
SL110,dev,cross_chapter_long_distance,F567528bf,F567528bf,slice3_c2,1.2|3.3,c_error,c_error_message,no,c_error,confusables_difficult_negatives|one_token_polysemy|cross_chapter_long_distance
SL111,heldout,high_similarity_r4,Fd5df0e7b,Fd5df0e7b,slice3_c2,1.3|2-perspective-race-to-the-edge,c_edge,c_network_edge,no,c_edge,high_similarity_r4|confusables_difficult_negatives|one_token_polysemy|cross_chapter_long_distance
SL112,dev,deterministic_r1_r3,Fb4d2ae58,Fb4d2ae58,slice3_c2,1.1|3.3,c_internet_protocol,c_internet_control_message_protocol,no,c_internet_protocol,deterministic_r1_r3|confusables_difficult_negatives|cross_chapter_long_distance
SL113,heldout,confusables_difficult_negatives,F6e918ed4,F6e918ed4,slice3_c2,1.2,c_buffer,c_buffer_space,no,c_buffer,confusables_difficult_negatives|one_token_polysemy
SL114,heldout,deterministic_r1_r3,F71f4efcf,F71f4efcf,slice3_c2,3.4,c_link_state,c_link_state_advertisement,yes,c_link_state,deterministic_r1_r3|confusables_difficult_negatives
SL115,heldout,confusables_difficult_negatives,Fceca9d1d,Fceca9d1d,slice3_c2,1-problem-building-a-network|1.2,c_cable,c_cable_tv_network,yes,c_cable,confusables_difficult_negatives
SL116,dev,high_similarity_r4,F59a67f75,F59a67f75,slice3_c2,1.2|2.1,c_wireless_network,c_wi_fi_network,no,c_wireless_network,high_similarity_r4|confusables_difficult_negatives|cross_chapter_long_distance
SL117,heldout,deterministic_r1_r3,F7e171cab,F7e171cab,slice3_c2,2.6|2.8,c_multi_access_ethernet,c_multi_access_protocol,no,c_multi_access_ethernet,deterministic_r1_r3
SL118,heldout,high_similarity_r4,Ff62669c4,Ff62669c4,slice3_c2,1.5|2.5,c_queue,c_receive_queue,no,c_queue,high_similarity_r4|confusables_difficult_negatives|one_token_polysemy|cross_chapter_long_distance
SL119,heldout,confusables_difficult_negatives,Fee51ca08,Fee51ca08,slice3_c2,1.1|2.6,c_network_address,c_multicast_address,no,c_network_address,confusables_difficult_negatives
SL120,heldout,high_similarity_r4,F7e10ddd6,F7e10ddd6,slice3_c2,2.7,c_802_11g,c_802_11b,yes,c_802_11g,high_similarity_r4|one_token_polysemy
SL121,heldout,high_similarity_r4,Fc840f518,Fc840f518,slice3_c2,1.1|1.3,c_web_server,c_server,yes,c_web_server,high_similarity_r4|confusables_difficult_negatives|one_token_polysemy
SL122,dev,cluster_bridge_transitive_risk,F3eae04b9,F3eae04b9,slice3_c2,1.4|3.3,c_address_space_efficiency,c_ip_address,no,c_address_space_efficiency,cluster_bridge_transitive_risk
SL123,dev,confusables_difficult_negatives,Fd61a532b,Fd61a532b,slice3_c2,1.2,c_switched_network,c_packet_switched_network,no,c_switched_network,deterministic_r1_r3|confusables_difficult_negatives
SL124,heldout,deterministic_r1_r3,F83bcc4e7,F83bcc4e7,slice3_c2,2.6,c_type_field,c_packet_type_field,yes,c_type_field,deterministic_r1_r3
SL125,heldout,high_similarity_r4,F3c5613d6,F3c5613d6,slice3_c2,3.3,c_tunneling,c_ip_tunnel,no,c_tunneling,high_similarity_r4|confusables_difficult_negatives|one_token_polysemy
SL126,dev,one_token_polysemy,F3bd57d8d,F3bd57d8d,slice3_c2,1.2|2.6,c_digital_signal,c_signal,no,c_digital_signal,confusables_difficult_negatives|one_token_polysemy|cross_chapter_long_distance
SL127,heldout,one_token_polysemy,Ff8655cdb,Ff8655cdb,slice3_c2,1.2,c_request_reply_channel,c_channel,no,c_request_reply_channel,one_token_polysemy
SL128,heldout,high_similarity_r4,F60784e1a,F60784e1a,slice3_c2,3.4,c_confirmed_list,c_tentative_list,yes,c_confirmed_list,high_similarity_r4
SL129,heldout,high_similarity_r4,F00da9745,F00da9745,slice3_c2,3.1|3.2,c_configuration_message,c_setup_message,no,c_configuration_message,high_similarity_r4
SL130,heldout,cluster_bridge_transitive_risk,Fd592324e,Fd592324e,slice3_c2,2.3,c_data_link_escape_character,c_synchronous_data_link_control,no,c_data_link_escape_character,cluster_bridge_transitive_risk
SL131,dev,one_token_polysemy,F567528bf,F567528bf,slice3_c2,1.2|2.5,c_error_code,c_error,no,c_error_code,confusables_difficult_negatives|one_token_polysemy|cross_chapter_long_distance
SL132,heldout,high_similarity_r4,Fdb28846f,Fdb28846f,slice3_c2,1.2|1.3,c_byte_string,c_byte,yes,c_byte_string,high_similarity_r4|confusables_difficult_negatives|one_token_polysemy
SL133,heldout,confusables_difficult_negatives,F0b623ea5,F0b623ea5,slice3_c2,2.5,c_feedback_mechanism,c_flow_control,yes,c_feedback_mechanism,high_similarity_r4|confusables_difficult_negatives
SL134,heldout,deterministic_r1_r3,F0a4cf16b,F0a4cf16b,slice3_c2,2.1|2.7,c_local_area_network,c_personal_area_network,no,c_local_area_network,deterministic_r1_r3
SL135,heldout,one_token_polysemy,Fbec37517,Fbec37517,slice3_c2,1.3,c_protocol_graph,c_graph,no,c_protocol_graph,one_token_polysemy
SL136,heldout,deterministic_r1_r3,Fa689e1a7,Fa689e1a7,slice3_c2,1.2|2.8,c_time_division_multiplexing,c_frequency_division_multiplexing,no,c_time_division_multiplexing,deterministic_r1_r3|cross_chapter_long_distance
SL137,dev,cluster_bridge_transitive_risk,F44f72626,F44f72626,slice3_c2,1.3|3.1,c_host_to_host_protocol,c_end_to_end_latency,no,c_host_to_host_protocol,cluster_bridge_transitive_risk
SL138,dev,cross_chapter_long_distance,F371ab304,F371ab304,slice3_c2,1-problem-building-a-network|3.3,c_computer_network,c_ip_network,no,c_computer_network,confusables_difficult_negatives|cross_chapter_long_distance
SL139,dev,cross_chapter_long_distance,F2d609aec,F2d609aec,slice3_c2,1.2|2.3,c_optical_network,c_optical_networking,no,c_optical_network,high_similarity_r4|cross_chapter_long_distance
SL140,heldout,one_token_polysemy,F97a0b8a0,F97a0b8a0,slice3_c2,1.3|3.3,c_protocoltype_field,c_field,yes,c_protocoltype_field,one_token_polysemy
SL141,heldout,deterministic_r1_r3,Fdec8ee3c,Fdec8ee3c,slice3_c2,1-perspective-feature-velocity|2-perspective-race-to-the-edge,c_cloud_provider,c_incumbent_cloud_provider,no,c_cloud_provider,deterministic_r1_r3|confusables_difficult_negatives|cross_chapter_long_distance
SL142,dev,cross_chapter_long_distance,F7b36c5fc,F7b36c5fc,slice3_c2,1-perspective-feature-velocity|3.3,c_service_provider,c_internet_service_provider_network,no,c_service_provider,deterministic_r1_r3|confusables_difficult_negatives|cross_chapter_long_distance
SL143,dev,cross_chapter_long_distance,Fd61a532b,Fd61a532b,slice3_c2,1.2|2.6,c_packet_radio_network,c_packet_switched_network,no,c_packet_radio_network,deterministic_r1_r3|confusables_difficult_negatives|cross_chapter_long_distance
SL144,heldout,cluster_bridge_transitive_risk,Fd592324e,Fd592324e,slice3_c2,1.3|2.3,c_data_link_level,c_synchronous_data_link_control,yes,c_data_link_level,cluster_bridge_transitive_risk
SL145,heldout,one_token_polysemy,F22d30766,F22d30766,slice3_c2,1.2|3.3,c_hierarchical_addressing,c_addressing,yes,c_hierarchical_addressing,confusables_difficult_negatives|one_token_polysemy
SL146,dev,confusables_difficult_negatives,Ff86f33f6,Ff86f33f6,slice3_c2,1.2|1.3,c_operating_system,c_software,no,c_operating_system,confusables_difficult_negatives
SL147,heldout,cluster_bridge_transitive_risk,Fdbda83b9,Fdbda83b9,slice3_c2,2-problem-connecting-to-a-network|3.3,c_point_to_point_network,c_point_to_point_fiber_link,no,c_point_to_point_network,cluster_bridge_transitive_risk
SL148,heldout,confusables_difficult_negatives,Fecab8455,Fecab8455,slice3_c2,2.3|2.4,c_protocol_field,c_finite_fields,yes,c_protocol_field,confusables_difficult_negatives
SL149,heldout,deterministic_r1_r3,F9a9a84bc,F9a9a84bc,slice3_c2,1.1|2.3,c_link_control_protocol,c_transmission_control_protocol,no,c_link_control_protocol,deterministic_r1_r3|cross_chapter_long_distance
SL150,dev,cross_chapter_long_distance,Fd61a532b,Fd61a532b,slice3_c2,1.3|3.2,c_switched_ethernet,c_ethernet,no,c_switched_ethernet,confusables_difficult_negatives|one_token_polysemy|cross_chapter_long_distance
SL151,heldout,one_token_polysemy,F7905d2d5,F7905d2d5,slice3_c2,1-perspective-feature-velocity|1.1,c_reliable_service,c_service,no,c_reliable_service,confusables_difficult_negatives|one_token_polysemy
SL152,heldout,one_token_polysemy,F731339df,F731339df,slice3_c2,2-problem-connecting-to-a-network|2.2,c_encoding,c_manchester_encoding,yes,c_encoding,confusables_difficult_negatives|one_token_polysemy
SL153,heldout,one_token_polysemy,Fe4807dd7,Fe4807dd7,slice3_c2,1.1|1.5,c_propagation_delay,c_delay,yes,c_propagation_delay,one_token_polysemy
SL154,dev,confusables_difficult_negatives,F371ab304,F371ab304,slice3_c2,1-problem-building-a-network,c_single_use_networks,c_voice_telephone_network,no,c_single_use_networks,confusables_difficult_negatives
SL155,heldout,cross_chapter_long_distance,Fcc9a659e,Fcc9a659e,slice3_c2,1.3|3.3,c_internetworking_layer,c_internetworking,yes,c_internetworking_layer,confusables_difficult_negatives|one_token_polysemy|cross_chapter_long_distance
SL156,heldout,deterministic_r1_r3,F7f36002f,F7f36002f,slice3_c2,3.4,c_routing_information_protocol,c_intradomain_routing_protocols,yes,c_routing_information_protocol,deterministic_r1_r3
SL157,dev,cluster_bridge_transitive_risk,F67bdb698,F67bdb698,slice3_c2,2.3|3.4,c_low_speed_link,c_terrestrial_link,no,c_low_speed_link,cluster_bridge_transitive_risk
SL158,dev,cluster_bridge_transitive_risk,F3eae04b9,F3eae04b9,slice3_c2,3.3,c_address_space_efficiency,c_target_ip_address,no,c_address_space_efficiency,cluster_bridge_transitive_risk
SL159,heldout,one_token_polysemy,F2d2957d9,F2d2957d9,slice3_c2,1.2|2.6,c_runt_frame,c_frame,yes,c_runt_frame,confusables_difficult_negatives|one_token_polysemy
SL160,heldout,confusables_difficult_negatives,F00da9745,F00da9745,slice3_c2,1.1|3.3,c_response_message,c_message,no,c_response_message,confusables_difficult_negatives|one_token_polysemy
SL161,dev,deterministic_r1_r3,F2e0961b0,F2e0961b0,slice3_c2,1.5|3.1,c_24_bit_field,c_24_bit_color,no,c_24_bit_field,deterministic_r1_r3|cross_chapter_long_distance
SL162,heldout,confusables_difficult_negatives,F023b180f,F023b180f,slice3_c2,2.5,c_last_frame_sent,c_sequence_number,no,c_last_frame_sent,confusables_difficult_negatives
SL163,dev,deterministic_r1_r3,F1bde8dce,F1bde8dce,slice3_c2,2.2,c_non_return_to_zero_inverted,c_non_return_to_zero,no,c_non_return_to_zero_inverted,deterministic_r1_r3|confusables_difficult_negatives
SL164,heldout,cross_chapter_long_distance,F0b623ea5,F0b623ea5,slice3_c2,2.5|3.1,c_flow_control,c_hop_by_hop_flow_control,no,c_flow_control,deterministic_r1_r3|confusables_difficult_negatives|cross_chapter_long_distance
SL165,heldout,high_similarity_r4,F7e10ddd6,F7e10ddd6,slice3_c2,2.7,c_802_11g,c_802_11ac,yes,c_802_11g,high_similarity_r4|one_token_polysemy
SL166,heldout,high_similarity_r4,Fe7a0c9a8,Fe7a0c9a8,slice3_c2,1-problem-building-a-network|1.3,c_network_architecture,c_internet_architecture,yes,c_network_architecture,high_similarity_r4|confusables_difficult_negatives
SL167,heldout,one_token_polysemy,Fbb3265e2,Fbb3265e2,slice3_c2,1-problem-building-a-network|2.1,c_data,c_binary_data,yes,c_data,one_token_polysemy
SL168,heldout,deterministic_r1_r3,F4b75e186,F4b75e186,slice3_c2,3.1,c_virtual_circuit_number,c_virtual_circuit,no,c_virtual_circuit_number,deterministic_r1_r3|confusables_difficult_negatives
SL169,heldout,cluster_bridge_transitive_risk,Fbe26da50,Fbe26da50,slice3_c2,3.3,c_class_b_address,c_class_c_network,yes,c_class_b_address,cluster_bridge_transitive_risk
SL170,heldout,deterministic_r1_r3,F33d9a5e5,F33d9a5e5,slice3_c2,3-perspective-virtual-networks-all-the-way-down|3.5,c_i_o_bus,c_i_o,no,c_i_o_bus,deterministic_r1_r3
SL171,heldout,confusables_difficult_negatives,Fd3afb380,Fd3afb380,slice3_c2,1.3|3.1,c_header_stripping,c_header,yes,c_header_stripping,confusables_difficult_negatives
SL172,dev,confusables_difficult_negatives,F59a67f75,F59a67f75,slice3_c2,1.2|2-problem-connecting-to-a-network,c_wireless_link,c_wi_fi,no,c_wireless_link,confusables_difficult_negatives
SL173,heldout,cluster_bridge_transitive_risk,F6111b03d,F6111b03d,slice3_c2,1.2|1.4,c_message_stream_channel,c_message_oriented_service,yes,c_message_stream_channel,cluster_bridge_transitive_risk
SL174,heldout,cross_chapter_long_distance,Fe605bc43,Fe605bc43,slice3_c2,1.2|2.7,c_client,c_client_node,no,c_client,confusables_difficult_negatives|one_token_polysemy|cross_chapter_long_distance
SL175,heldout,one_token_polysemy,F489bdfed,F489bdfed,slice3_c2,1.2|3.4,c_packet,c_hello_packet,no,c_packet,confusables_difficult_negatives|one_token_polysemy
SL176,heldout,one_token_polysemy,F7905d2d5,F7905d2d5,slice3_c2,1.1|2.8,c_service,c_broadband_service,yes,c_service,one_token_polysemy
SL177,heldout,one_token_polysemy,Fb2c7c218,Fb2c7c218,slice3_c2,1.3|2.5,c_transport,c_transport_stream,yes,c_transport,confusables_difficult_negatives|one_token_polysemy|cross_chapter_long_distance
SL178,heldout,cluster_bridge_transitive_risk,Fea4849bc,Fea4849bc,slice3_c2,2-problem-connecting-to-a-network|2.3,c_framing_problem,c_framing_scheme,yes,c_framing_problem,cluster_bridge_transitive_risk
SL179,heldout,deterministic_r1_r3,F356d54e1,F356d54e1,slice3_c2,1.3|1.4,c_byte_stream,c_reliable_byte_stream_channel,yes,c_byte_stream,deterministic_r1_r3|confusables_difficult_negatives
SL180,heldout,confusables_difficult_negatives,F6b1b25bb,F6b1b25bb,slice3_c2,2.8,c_resource_block,c_physical_resource_block,yes,c_resource_block,deterministic_r1_r3|confusables_difficult_negatives
SL181,heldout,high_similarity_r4,F6d4d8511,F6d4d8511,slice3_c2,1.1|1.3,c_audio_stream,c_streaming_audio,no,c_audio_stream,high_similarity_r4
SL182,heldout,cluster_bridge_transitive_risk,Fd592324e,Fd592324e,slice3_c2,1.3|2.3,c_data_link_layer,c_high_level_data_link_control,no,c_data_link_layer,cluster_bridge_transitive_risk
SL183,heldout,one_token_polysemy,F6f90952f,F6f90952f,slice3_c2,2-problem-connecting-to-a-network|2.8,c_2g,c_4g,yes,c_2g,one_token_polysemy
SL184,heldout,high_similarity_r4,Fb93b34d1,Fb93b34d1,slice3_c2,1-perspective-feature-velocity|1-problem-building-a-network,c_performance,c_performance_improvement,yes,c_performance,high_similarity_r4|confusables_difficult_negatives|one_token_polysemy
SL185,heldout,cross_chapter_long_distance,F782cdbe9,F782cdbe9,slice3_c2,2-perspective-race-to-the-edge|3-perspective-virtual-networks-all-the-way-down,c_cloud_datacenter,c_datacenter,yes,c_cloud_datacenter,high_similarity_r4|confusables_difficult_negatives|one_token_polysemy|cross_chapter_long_distance
SL186,dev,deterministic_r1_r3,F7b36c5fc,F7b36c5fc,slice3_c2,2-problem-connecting-to-a-network|3.3,c_internet_service_provider,c_internet_service_provider_network,no,c_internet_service_provider,deterministic_r1_r3|confusables_difficult_negatives|cross_chapter_long_distance
SL187,heldout,cross_chapter_long_distance,F7e10ddd6,F7e10ddd6,slice3_c2,1.3|2.7,c_802_11_wi_fi_standard,c_802_11b,yes,c_802_11_wi_fi_standard,confusables_difficult_negatives|one_token_polysemy|cross_chapter_long_distance
SL188,heldout,high_similarity_r4,Ff62669c4,Ff62669c4,slice3_c2,2.5,c_send_queue,c_receive_queue,no,c_send_queue,high_similarity_r4
SL189,heldout,deterministic_r1_r3,Ff8655cdb,Ff8655cdb,slice3_c2,1.3,c_request_reply_service,c_request_reply_protocol,yes,c_request_reply_service,deterministic_r1_r3
SL190,dev,one_token_polysemy,Fa7c4851c,Fa7c4851c,slice3_c2,2.5,c_acknowledgment,c_negative_acknowledgment,no,c_acknowledgment,high_similarity_r4|confusables_difficult_negatives|one_token_polysemy
SL191,dev,cluster_bridge_transitive_risk,F86a42bbe,F86a42bbe,slice3_c2,3.3,c_arp_packet,c_arp_process,no,c_arp_packet,cluster_bridge_transitive_risk
SL192,dev,deterministic_r1_r3,F2dda885a,F2dda885a,slice3_c2,3-perspective-virtual-networks-all-the-way-down|3.2,c_virtual_extensible_lan,c_virtual_lan,no,c_virtual_extensible_lan,deterministic_r1_r3|confusables_difficult_negatives
SL193,heldout,one_token_polysemy,Fc0c7481c,Fc0c7481c,slice3_c2,1.2|3-problem-not-all-networks-are-directly-connected,c_loop_free,c_loop,no,c_loop_free,confusables_difficult_negatives|one_token_polysemy|cross_chapter_long_distance
SL194,dev,high_similarity_r4,F7389e83b,F7389e83b,slice3_c2,1-problem-building-a-network|1.2,c_application,c_application_process,no,c_application,high_similarity_r4|confusables_difficult_negatives|one_token_polysemy
SL195,heldout,high_similarity_r4,F6d4d8511,F6d4d8511,slice3_c2,1.1,c_streaming_audio,c_streaming_music,no,c_streaming_audio,high_similarity_r4
SL196,dev,one_token_polysemy,Fd2493c2a,Fd2493c2a,slice3_c2,1.2|3.4,c_low_speed_terrestrial_link,c_link,no,c_low_speed_terrestrial_link,one_token_polysemy
SL197,heldout,one_token_polysemy,Fd283fde1,Fd283fde1,slice3_c2,2.3|2.4,c_internet_checksum,c_checksum,yes,c_internet_checksum,confusables_difficult_negatives|one_token_polysemy
SL198,heldout,deterministic_r1_r3,Fa4ea95e7,Fa4ea95e7,slice3_c2,1-problem-building-a-network|1.4,c_network_applications,c_network_application_programming_interface,no,c_network_applications,deterministic_r1_r3|confusables_difficult_negatives
SL199,dev,cluster_bridge_transitive_risk,Fb4d2ae58,Fb4d2ae58,slice3_c2,1.1|2.3,c_control_message,c_internet_protocol,no,c_control_message,cluster_bridge_transitive_risk
SL200,heldout,cross_chapter_long_distance,F1e7d4041,F1e7d4041,slice3_c2,2.6|3.5,c_transceiver_module,c_transceiver,yes,c_transceiver_module,high_similarity_r4|confusables_difficult_negatives|one_token_polysemy|cross_chapter_long_distance
SL201,heldout,confusables_difficult_negatives,F023b180f,F023b180f,slice3_c2,2.5,c_last_frame_received,c_sequence_number,yes,c_last_frame_received,confusables_difficult_negatives
SL202,dev,one_token_polysemy,F3bd57d8d,F3bd57d8d,slice3_c2,1.2|2.3,c_signal,c_sts_n_signal,no,c_signal,confusables_difficult_negatives|one_token_polysemy
SL203,heldout,deterministic_r1_r3,F6111b03d,F6111b03d,slice3_c2,1.2|1.3,c_message_stream_channel,c_message_stream_service,yes,c_message_stream_channel,deterministic_r1_r3
SL204,heldout,deterministic_r1_r3,F495a4f54,F495a4f54,slice3_c2,1.2,c_two_way_traffic,c_one_way_traffic,yes,c_two_way_traffic,deterministic_r1_r3
SL205,heldout,confusables_difficult_negatives,F285bbd84,F285bbd84,slice3_c2,1.2,c_process_to_process_channel,c_channel_abstraction,no,c_process_to_process_channel,confusables_difficult_negatives
SL206,heldout,confusables_difficult_negatives,F9a9a84bc,F9a9a84bc,slice3_c2,1.1|1.5,c_transmission_control_protocol,c_transmit_time,no,c_transmission_control_protocol,confusables_difficult_negatives
SL207,dev,high_similarity_r4,F59a67f75,F59a67f75,slice3_c2,1.2|2.1,c_wireless_network,c_wireless_link,no,c_wireless_network,high_similarity_r4|cross_chapter_long_distance
SL208,dev,cross_chapter_long_distance,Ff86f33f6,Ff86f33f6,slice3_c2,1.3|3.5,c_network_operating_system,c_operating_system,no,c_network_operating_system,deterministic_r1_r3|confusables_difficult_negatives|cross_chapter_long_distance
SL209,heldout,cross_chapter_long_distance,Ffbeee834,Ffbeee834,slice3_c2,1.3|3.1,c_datagram_protocol,c_user_datagram_protocol,yes,c_datagram_protocol,deterministic_r1_r3|confusables_difficult_negatives|cross_chapter_long_distance
SL210,heldout,cluster_bridge_transitive_risk,F26b3a78e,F26b3a78e,slice3_c2,3.1,c_switched_virtual_circuit,c_virtual_path_identifier,yes,c_switched_virtual_circuit,cluster_bridge_transitive_risk
SL211,heldout,cross_chapter_long_distance,Fdc633252,Fdc633252,slice3_c2,2-problem-connecting-to-a-network|3-problem-not-all-networks-are-directly-connected,c_layer_2_connectivity,c_layer_2_switch,no,c_layer_2_connectivity,deterministic_r1_r3|cross_chapter_long_distance
SL212,dev,cluster_bridge_transitive_risk,F439a214d,F439a214d,slice3_c2,1-perspective-feature-velocity|2-problem-connecting-to-a-network,c_framing,c_framing_error,no,c_framing,confusables_difficult_negatives|one_token_polysemy|cross_chapter_long_distance|cluster_bridge_transitive_risk
SL213,dev,high_similarity_r4,Fd81ad1e7,Fd81ad1e7,slice3_c2,1.2|3.1,c_routing_algorithm,c_routing,no,c_routing_algorithm,high_similarity_r4|confusables_difficult_negatives|one_token_polysemy|cross_chapter_long_distance
SL214,dev,deterministic_r1_r3,Faada37ba,Faada37ba,slice3_c2,3.3,c_class_c_address,c_address_class,no,c_class_c_address,deterministic_r1_r3|confusables_difficult_negatives
SL215,heldout,one_token_polysemy,F489bdfed,F489bdfed,slice3_c2,1.2|3.4,c_update_packet,c_packet,yes,c_update_packet,one_token_polysemy
SL216,dev,one_token_polysemy,Fa9811685,Fa9811685,slice3_c2,1.4|3.1,c_output_port,c_port,no,c_output_port,confusables_difficult_negatives|one_token_polysemy
SL217,dev,cross_chapter_long_distance,F59a67f75,F59a67f75,slice3_c2,1.2|2.7,c_wi_fi_alliance,c_wi_fi_network,no,c_wi_fi_alliance,deterministic_r1_r3|cross_chapter_long_distance
SL218,dev,confusables_difficult_negatives,F7389e83b,F7389e83b,slice3_c2,1.2,c_application_process,c_application_program,no,c_application_process,high_similarity_r4|confusables_difficult_negatives
SL219,heldout,deterministic_r1_r3,F71f4efcf,F71f4efcf,slice3_c2,3.4,c_link_state_advertisement,c_link_state_algorithm,yes,c_link_state_advertisement,deterministic_r1_r3
SL220,dev,one_token_polysemy,F93341b03,F93341b03,slice3_c2,1.1|1.3,c_transport_protocol,c_protocol,no,c_transport_protocol,confusables_difficult_negatives|one_token_polysemy
SL221,heldout,confusables_difficult_negatives,F86ce6b16,F86ce6b16,slice3_c2,2.5,c_send_window_size,c_sendswp,no,c_send_window_size,confusables_difficult_negatives
SL222,heldout,confusables_difficult_negatives,Ff62669c4,Ff62669c4,slice3_c2,1.5,c_queue,c_queuing_delay,no,c_queue,confusables_difficult_negatives
SL223,heldout,high_similarity_r4,F30111a89,F30111a89,slice3_c2,1.3|3.3,c_re_encapsulation,c_encapsulation,no,c_re_encapsulation,high_similarity_r4|confusables_difficult_negatives|one_token_polysemy|cross_chapter_long_distance
SL224,heldout,cross_chapter_long_distance,Fd6850288,Fd6850288,slice3_c2,1-perspective-feature-velocity|3-perspective-virtual-networks-all-the-way-down,c_corporate_customer,c_customer,no,c_corporate_customer,confusables_difficult_negatives|one_token_polysemy|cross_chapter_long_distance
SL225,heldout,cluster_bridge_transitive_risk,Fdbda83b9,Fdbda83b9,slice3_c2,1.2|2.7,c_single_point_to_point_link,c_point_to_multipoint_communication,no,c_single_point_to_point_link,cluster_bridge_transitive_risk
SL226,dev,cluster_bridge_transitive_risk,Fd81ad1e7,Fd81ad1e7,slice3_c2,3.3,c_classless_interdomain_routing,c_routing_protocol,no,c_classless_interdomain_routing,cluster_bridge_transitive_risk
SL227,dev,deterministic_r1_r3,F4e616eed,F4e616eed,slice3_c2,3.5,c_software_centric_design,c_hardware_centric_design,no,c_software_centric_design,deterministic_r1_r3
SL228,heldout,cluster_bridge_transitive_risk,F9a9a84bc,F9a9a84bc,slice3_c2,2.7|3.4,c_link_data,c_link_layer,yes,c_link_data,cluster_bridge_transitive_risk
SL229,heldout,high_similarity_r4,F8bb846a5,F8bb846a5,slice3_c2,3.1,c_source_route,c_source_routing,no,c_source_route,high_similarity_r4
SL230,heldout,deterministic_r1_r3,F86ce6b16,F86ce6b16,slice3_c2,2.5,c_send_window_size,c_receive_window_size,yes,c_send_window_size,deterministic_r1_r3
SL231,dev,one_token_polysemy,F371ab304,F371ab304,slice3_c2,1-problem-building-a-network,c_network,c_voice_telephone_network,no,c_network,one_token_polysemy
SL232,heldout,confusables_difficult_negatives,Ff39a3a44,Ff39a3a44,slice3_c2,1-problem-building-a-network,c_hardware_components,c_general_purpose_programmable_hardware,no,c_hardware_components,confusables_difficult_negatives
SL233,dev,confusables_difficult_negatives,Fc17e74c4,Fc17e74c4,slice3_c2,2.1,c_wavelength,c_electromagnetic_spectrum,no,c_wavelength,confusables_difficult_negatives
SL234,heldout,deterministic_r1_r3,F533bbdb6,F533bbdb6,slice3_c2,2.3,c_sts_1_payload,c_sts_n_payload,no,c_sts_1_payload,deterministic_r1_r3|confusables_difficult_negatives
SL235,dev,cluster_bridge_transitive_risk,F67bdb698,F67bdb698,slice3_c2,1.5|3.4,c_terrestrial_link,c_link_speed,no,c_terrestrial_link,cluster_bridge_transitive_risk
SL236,heldout,cross_chapter_long_distance,F7231989f,F7231989f,slice3_c2,1.3|2.7,c_wireless_technology,c_wireless_protocol,no,c_wireless_technology,cross_chapter_long_distance
SL237,heldout,high_similarity_r4,Fc08a0541,Fc08a0541,slice3_c2,2.1|2.2,c_modulation,c_modulation_scheme,yes,c_modulation,high_similarity_r4|confusables_difficult_negatives|one_token_polysemy
SL238,heldout,one_token_polysemy,F97a0b8a0,F97a0b8a0,slice3_c2,1.3|3.3,c_operation_field,c_field,no,c_operation_field,one_token_polysemy
SL239,heldout,cluster_bridge_transitive_risk,Fdbda83b9,Fdbda83b9,slice3_c2,2.7|3.3,c_point_to_multipoint_communication,c_point_to_point_network,no,c_point_to_multipoint_communication,confusables_difficult_negatives|cluster_bridge_transitive_risk
SL240,heldout,confusables_difficult_negatives,F86ce6b16,F86ce6b16,slice3_c2,1.3|2.5,c_high_level_protocol,c_sendswp,no,c_high_level_protocol,confusables_difficult_negatives
