question_id,question,rank,section_id,section_title,score,coverage,reason
q_2d69bbb7,"What is ""frame bursting""? Also, give 1 advantage and disadvantage compared to the carrier extension.",1,2.5,Reliable Transmission,0.46330371499061584,none,"The sections do not explain frame bursting or carrier extension, including retaining channel control across multiple frames, reduced extension overhead, and the need for queued frames or buffering delays."
q_2d69bbb7,"What is ""frame bursting""? Also, give 1 advantage and disadvantage compared to the carrier extension.",2,2.3,Framing,0.361081600189209,none,"The sections do not explain frame bursting or carrier extension, including retaining channel control across multiple frames, reduced extension overhead, and the need for queued frames or buffering delays."
q_2d69bbb7,"What is ""frame bursting""? Also, give 1 advantage and disadvantage compared to the carrier extension.",3,7-problem-what-do-we-do-with-the-data,Problem: What Do We Do with the Data?,0.35607796907424927,none,"The sections do not explain frame bursting or carrier extension, including retaining channel control across multiple frames, reduced extension overhead, and the need for queued frames or buffering delays."
q_2d69bbb7,"What is ""frame bursting""? Also, give 1 advantage and disadvantage compared to the carrier extension.",4,2.7,Wireless Networks,0.3008507788181305,none,"The sections do not explain frame bursting or carrier extension, including retaining channel control across multiple frames, reduced extension overhead, and the need for queued frames or buffering delays."
q_2d69bbb7,"What is ""frame bursting""? Also, give 1 advantage and disadvantage compared to the carrier extension.",5,6.2,Queuing Disciplines,0.29901012778282166,none,"The sections do not explain frame bursting or carrier extension, including retaining channel control across multiple frames, reduced extension overhead, and the need for queued frames or buffering delays."
q_4867a73f,Discuss 3 methods (each with at least one advantage and disadvantage) that address the problem of duplicate packets on the transport layer in a connection-oriented service.,1,5.1,Simple Demultiplexor (UDP),0.4539811909198761,partial,"The sections explain well-known ports, old-segment hazards, and sequence-number wraparound as a function of transmission rate and packet lifetime, but omit one-connection-only TSAPs, unique connection identifiers with histories retained across restarts, and the bandwidth/memory trade-offs of effectively never-reset PDU sequence numbers."
q_4867a73f,Discuss 3 methods (each with at least one advantage and disadvantage) that address the problem of duplicate packets on the transport layer in a connection-oriented service.,2,5.2,Reliable Byte Stream (TCP),0.43300288915634155,partial,"The sections explain well-known ports, old-segment hazards, and sequence-number wraparound as a function of transmission rate and packet lifetime, but omit one-connection-only TSAPs, unique connection identifiers with histories retained across restarts, and the bandwidth/memory trade-offs of effectively never-reset PDU sequence numbers."
q_4867a73f,Discuss 3 methods (each with at least one advantage and disadvantage) that address the problem of duplicate packets on the transport layer in a connection-oriented service.,3,5-problem-getting-processes-to-communicate,Problem: Getting Processes to Communicate,0.39418330788612366,partial,"The sections explain well-known ports, old-segment hazards, and sequence-number wraparound as a function of transmission rate and packet lifetime, but omit one-connection-only TSAPs, unique connection identifiers with histories retained across restarts, and the bandwidth/memory trade-offs of effectively never-reset PDU sequence numbers."
q_4867a73f,Discuss 3 methods (each with at least one advantage and disadvantage) that address the problem of duplicate packets on the transport layer in a connection-oriented service.,4,6.1,Issues in Resource Allocation,0.3850330114364624,partial,"The sections explain well-known ports, old-segment hazards, and sequence-number wraparound as a function of transmission rate and packet lifetime, but omit one-connection-only TSAPs, unique connection identifiers with histories retained across restarts, and the bandwidth/memory trade-offs of effectively never-reset PDU sequence numbers."
q_4867a73f,Discuss 3 methods (each with at least one advantage and disadvantage) that address the problem of duplicate packets on the transport layer in a connection-oriented service.,5,5.3,Remote Procedure Call,0.3677554428577423,partial,"The sections explain well-known ports, old-segment hazards, and sequence-number wraparound as a function of transmission rate and packet lifetime, but omit one-connection-only TSAPs, unique connection identifiers with histories retained across restarts, and the bandwidth/memory trade-offs of effectively never-reset PDU sequence numbers."
q_7c053d29,"Consider a single server queueing system with a buffer of size 10. Let us assume that 9 packets arrive per second and 10 packets are served per second on an average. Assume you monitor the system for exactly one minute after the system reaches equilibrium. How many seconds would you expect the system to be in a state in which there are less than 10 packets waiting in the queue? You need to justify your answer by showing steps involved; calculations, however, need not be included. headers.",1,6.2,Queuing Disciplines,0.49769625067710876,partial,"The sections explain finite buffers and dropping packets when queues are full, but omit the finite-capacity queue’s equilibrium occupancy/blocking-probability formula, utilization as arrival rate divided by service rate, and converting stationary non-full probability into expected time over 60 seconds."
q_7c053d29,"Consider a single server queueing system with a buffer of size 10. Let us assume that 9 packets arrive per second and 10 packets are served per second on an average. Assume you monitor the system for exactly one minute after the system reaches equilibrium. How many seconds would you expect the system to be in a state in which there are less than 10 packets waiting in the queue? You need to justify your answer by showing steps involved; calculations, however, need not be included. headers.",2,6-problem-allocating-resources,Problem: Allocating Resources,0.4911920428276062,partial,"The sections explain finite buffers and dropping packets when queues are full, but omit the finite-capacity queue’s equilibrium occupancy/blocking-probability formula, utilization as arrival rate divided by service rate, and converting stationary non-full probability into expected time over 60 seconds."
q_7c053d29,"Consider a single server queueing system with a buffer of size 10. Let us assume that 9 packets arrive per second and 10 packets are served per second on an average. Assume you monitor the system for exactly one minute after the system reaches equilibrium. How many seconds would you expect the system to be in a state in which there are less than 10 packets waiting in the queue? You need to justify your answer by showing steps involved; calculations, however, need not be included. headers.",3,6.4,Advanced Congestion Control,0.44689980149269104,partial,"The sections explain finite buffers and dropping packets when queues are full, but omit the finite-capacity queue’s equilibrium occupancy/blocking-probability formula, utilization as arrival rate divided by service rate, and converting stationary non-full probability into expected time over 60 seconds."
q_7c053d29,"Consider a single server queueing system with a buffer of size 10. Let us assume that 9 packets arrive per second and 10 packets are served per second on an average. Assume you monitor the system for exactly one minute after the system reaches equilibrium. How many seconds would you expect the system to be in a state in which there are less than 10 packets waiting in the queue? You need to justify your answer by showing steps involved; calculations, however, need not be included. headers.",4,6.3,TCP Congestion Control,0.43564504384994507,partial,"The sections explain finite buffers and dropping packets when queues are full, but omit the finite-capacity queue’s equilibrium occupancy/blocking-probability formula, utilization as arrival rate divided by service rate, and converting stationary non-full probability into expected time over 60 seconds."
q_7c053d29,"Consider a single server queueing system with a buffer of size 10. Let us assume that 9 packets arrive per second and 10 packets are served per second on an average. Assume you monitor the system for exactly one minute after the system reaches equilibrium. How many seconds would you expect the system to be in a state in which there are less than 10 packets waiting in the queue? You need to justify your answer by showing steps involved; calculations, however, need not be included. headers.",5,6.1,Issues in Resource Allocation,0.4313231110572815,partial,"The sections explain finite buffers and dropping packets when queues are full, but omit the finite-capacity queue’s equilibrium occupancy/blocking-probability formula, utilization as arrival rate divided by service rate, and converting stationary non-full probability into expected time over 60 seconds."
q_58c81db9,WHAT is the purpose of Reverse Path Forwarding and Reverse Path Broadcast? HOW do they work?,1,9.4,Overlay Networks,0.4447598457336426,partial,"The sections provide background on unicast routing tables, flooding, and duplicate-reducing multicast trees, but omit RPF’s incoming-neighbor check against the route to the source and RPB’s learning of tree membership from unicast traffic and restriction of forwarding to tree edges."
q_58c81db9,WHAT is the purpose of Reverse Path Forwarding and Reverse Path Broadcast? HOW do they work?,2,3.4,Routing,0.44183024764060974,partial,"The sections provide background on unicast routing tables, flooding, and duplicate-reducing multicast trees, but omit RPF’s incoming-neighbor check against the route to the source and RPB’s learning of tree membership from unicast traffic and restriction of forwarding to tree edges."
q_58c81db9,WHAT is the purpose of Reverse Path Forwarding and Reverse Path Broadcast? HOW do they work?,3,2.3,Framing,0.40226733684539795,partial,"The sections provide background on unicast routing tables, flooding, and duplicate-reducing multicast trees, but omit RPF’s incoming-neighbor check against the route to the source and RPB’s learning of tree membership from unicast traffic and restriction of forwarding to tree edges."
q_58c81db9,WHAT is the purpose of Reverse Path Forwarding and Reverse Path Broadcast? HOW do they work?,4,5-problem-getting-processes-to-communicate,Problem: Getting Processes to Communicate,0.3869291841983795,partial,"The sections provide background on unicast routing tables, flooding, and duplicate-reducing multicast trees, but omit RPF’s incoming-neighbor check against the route to the source and RPB’s learning of tree membership from unicast traffic and restriction of forwarding to tree edges."
q_58c81db9,WHAT is the purpose of Reverse Path Forwarding and Reverse Path Broadcast? HOW do they work?,5,2.2,Encoding,0.3845832049846649,partial,"The sections provide background on unicast routing tables, flooding, and duplicate-reducing multicast trees, but omit RPF’s incoming-neighbor check against the route to the source and RPB’s learning of tree membership from unicast traffic and restriction of forwarding to tree edges."
q_cc7ede94,What are extension headers in IPv6 and where are they located in a packet? What is the main advantage of extension headers compared to IPv4?,1,9.4,Overlay Networks,0.3773484230041504,full,"Section 4.2.3 explains that extension headers carry optional information between the fixed IPv6 header and the transport-layer header and explicitly describes more efficient router option processing than in IPv4, covering an accepted advantage with nothing essential missing."
q_cc7ede94,What are extension headers in IPv6 and where are they located in a packet? What is the main advantage of extension headers compared to IPv4?,2,4.2,IP Version 6,0.3458254337310791,full,"Section 4.2.3 explains that extension headers carry optional information between the fixed IPv6 header and the transport-layer header and explicitly describes more efficient router option processing than in IPv4, covering an accepted advantage with nothing essential missing."
q_cc7ede94,What are extension headers in IPv6 and where are they located in a packet? What is the main advantage of extension headers compared to IPv4?,3,9.1,Traditional Applications,0.34111955761909485,full,"Section 4.2.3 explains that extension headers carry optional information between the fixed IPv6 header and the transport-layer header and explicitly describes more efficient router option processing than in IPv4, covering an accepted advantage with nothing essential missing."
q_cc7ede94,What are extension headers in IPv6 and where are they located in a packet? What is the main advantage of extension headers compared to IPv4?,4,5.1,Simple Demultiplexor (UDP),0.3393833339214325,full,"Section 4.2.3 explains that extension headers carry optional information between the fixed IPv6 header and the transport-layer header and explicitly describes more efficient router option processing than in IPv4, covering an accepted advantage with nothing essential missing."
q_cc7ede94,What are extension headers in IPv6 and where are they located in a packet? What is the main advantage of extension headers compared to IPv4?,5,5-problem-getting-processes-to-communicate,Problem: Getting Processes to Communicate,0.3300650715827942,full,"Section 4.2.3 explains that extension headers carry optional information between the fixed IPv6 header and the transport-layer header and explicitly describes more efficient router option processing than in IPv4, covering an accepted advantage with nothing essential missing."
q_aec787bc,"Please explain the problem with ""Distributed Queue Dual Buses"" that was discussed in the lecture in 1-3 sentences.",1,6-problem-allocating-resources,Problem: Allocating Resources,0.4310562312602997,none,"The sections discuss general resource-allocation fairness and router queuing, but do not cover Distributed Queue Dual Bus (DQDB) or how a station’s bus position advantages or disadvantages its reservation of transmission rights."
q_aec787bc,"Please explain the problem with ""Distributed Queue Dual Buses"" that was discussed in the lecture in 1-3 sentences.",2,6.1,Issues in Resource Allocation,0.3852301836013794,none,"The sections discuss general resource-allocation fairness and router queuing, but do not cover Distributed Queue Dual Bus (DQDB) or how a station’s bus position advantages or disadvantages its reservation of transmission rights."
q_aec787bc,"Please explain the problem with ""Distributed Queue Dual Buses"" that was discussed in the lecture in 1-3 sentences.",3,6.2,Queuing Disciplines,0.3585716187953949,none,"The sections discuss general resource-allocation fairness and router queuing, but do not cover Distributed Queue Dual Bus (DQDB) or how a station’s bus position advantages or disadvantages its reservation of transmission rights."
q_aec787bc,"Please explain the problem with ""Distributed Queue Dual Buses"" that was discussed in the lecture in 1-3 sentences.",4,4.3,Multicast,0.35295572876930237,none,"The sections discuss general resource-allocation fairness and router queuing, but do not cover Distributed Queue Dual Bus (DQDB) or how a station’s bus position advantages or disadvantages its reservation of transmission rights."
q_aec787bc,"Please explain the problem with ""Distributed Queue Dual Buses"" that was discussed in the lecture in 1-3 sentences.",5,6.3,TCP Congestion Control,0.3427751064300537,none,"The sections discuss general resource-allocation fairness and router queuing, but do not cover Distributed Queue Dual Bus (DQDB) or how a station’s bus position advantages or disadvantages its reservation of transmission rights."
q_ad039a65,"A company is planning to set up a new LAN at one of their locations and is looking for an appropriate medium access procedure. However, the funding is tight so they expect the channel load to be high compared to the hardware they can provide. Currently, they would like to have 20 systems sharing the channel, but it should be expandable later on. Which of the MAC procedures introduced in the lecture (Polling, TDMA with or without Reservation, Token Ring, Pure or Slotted ALOHA, 1-persistent CSMA, p-persistent CSMA, non-persistent CSMA or CSMA/CD) would you recommend?Give 2 reasons for your decision and 1 potential weakness of your recommendation in 2-6 sentences.",1,6.1,Issues in Resource Allocation,0.4164890944957733,none,"The sections discuss general resource allocation and multimedia signalling, but do not explain the listed MAC procedures or their load-dependent performance, scalability, cost, and drawbacks needed to justify a recommendation."
q_ad039a65,"A company is planning to set up a new LAN at one of their locations and is looking for an appropriate medium access procedure. However, the funding is tight so they expect the channel load to be high compared to the hardware they can provide. Currently, they would like to have 20 systems sharing the channel, but it should be expandable later on. Which of the MAC procedures introduced in the lecture (Polling, TDMA with or without Reservation, Token Ring, Pure or Slotted ALOHA, 1-persistent CSMA, p-persistent CSMA, non-persistent CSMA or CSMA/CD) would you recommend?Give 2 reasons for your decision and 1 potential weakness of your recommendation in 2-6 sentences.",2,x-preface,Preface,0.4126364588737488,none,"The sections discuss general resource allocation and multimedia signalling, but do not explain the listed MAC procedures or their load-dependent performance, scalability, cost, and drawbacks needed to justify a recommendation."
q_ad039a65,"A company is planning to set up a new LAN at one of their locations and is looking for an appropriate medium access procedure. However, the funding is tight so they expect the channel load to be high compared to the hardware they can provide. Currently, they would like to have 20 systems sharing the channel, but it should be expandable later on. Which of the MAC procedures introduced in the lecture (Polling, TDMA with or without Reservation, Token Ring, Pure or Slotted ALOHA, 1-persistent CSMA, p-persistent CSMA, non-persistent CSMA or CSMA/CD) would you recommend?Give 2 reasons for your decision and 1 potential weakness of your recommendation in 2-6 sentences.",3,9.2,Multimedia Applications,0.3991527557373047,none,"The sections discuss general resource allocation and multimedia signalling, but do not explain the listed MAC procedures or their load-dependent performance, scalability, cost, and drawbacks needed to justify a recommendation."
q_ad039a65,"A company is planning to set up a new LAN at one of their locations and is looking for an appropriate medium access procedure. However, the funding is tight so they expect the channel load to be high compared to the hardware they can provide. Currently, they would like to have 20 systems sharing the channel, but it should be expandable later on. Which of the MAC procedures introduced in the lecture (Polling, TDMA with or without Reservation, Token Ring, Pure or Slotted ALOHA, 1-persistent CSMA, p-persistent CSMA, non-persistent CSMA or CSMA/CD) would you recommend?Give 2 reasons for your decision and 1 potential weakness of your recommendation in 2-6 sentences.",4,9-problem-applications-need-their-own-protocols,Problem: Applications Need Their Own Protocols,0.38048774003982544,none,"The sections discuss general resource allocation and multimedia signalling, but do not explain the listed MAC procedures or their load-dependent performance, scalability, cost, and drawbacks needed to justify a recommendation."
q_ad039a65,"A company is planning to set up a new LAN at one of their locations and is looking for an appropriate medium access procedure. However, the funding is tight so they expect the channel load to be high compared to the hardware they can provide. Currently, they would like to have 20 systems sharing the channel, but it should be expandable later on. Which of the MAC procedures introduced in the lecture (Polling, TDMA with or without Reservation, Token Ring, Pure or Slotted ALOHA, 1-persistent CSMA, p-persistent CSMA, non-persistent CSMA or CSMA/CD) would you recommend?Give 2 reasons for your decision and 1 potential weakness of your recommendation in 2-6 sentences.",5,6.2,Queuing Disciplines,0.37745407223701477,none,"The sections discuss general resource allocation and multimedia signalling, but do not explain the listed MAC procedures or their load-dependent performance, scalability, cost, and drawbacks needed to justify a recommendation."
q_582d0a1c,"In the lecture you have learned about congestion control with TCP. Name the 2 phases of congestion control and explain how the Congestion Window (cwnd) and the Slow Start Threshold (ss_thresh) change in each phase (after initialization, where cwnd = 1 and ss_thresh = advertised window size) in 1-4 sentences total.",1,6.3,TCP Congestion Control,0.6675138473510742,full,"Section 6.3 covers slow start’s per-ACK cwnd increase to a fixed threshold, subsequent linear growth, and timeout recovery setting ss_thresh to half the previous cwnd and resetting cwnd to one, so no mechanisms required by the reference answer are missing."
q_582d0a1c,"In the lecture you have learned about congestion control with TCP. Name the 2 phases of congestion control and explain how the Congestion Window (cwnd) and the Slow Start Threshold (ss_thresh) change in each phase (after initialization, where cwnd = 1 and ss_thresh = advertised window size) in 1-4 sentences total.",2,6.4,Advanced Congestion Control,0.6517351865768433,full,"Section 6.3 covers slow start’s per-ACK cwnd increase to a fixed threshold, subsequent linear growth, and timeout recovery setting ss_thresh to half the previous cwnd and resetting cwnd to one, so no mechanisms required by the reference answer are missing."
q_582d0a1c,"In the lecture you have learned about congestion control with TCP. Name the 2 phases of congestion control and explain how the Congestion Window (cwnd) and the Slow Start Threshold (ss_thresh) change in each phase (after initialization, where cwnd = 1 and ss_thresh = advertised window size) in 1-4 sentences total.",3,6.1,Issues in Resource Allocation,0.48641327023506165,full,"Section 6.3 covers slow start’s per-ACK cwnd increase to a fixed threshold, subsequent linear growth, and timeout recovery setting ss_thresh to half the previous cwnd and resetting cwnd to one, so no mechanisms required by the reference answer are missing."
q_582d0a1c,"In the lecture you have learned about congestion control with TCP. Name the 2 phases of congestion control and explain how the Congestion Window (cwnd) and the Slow Start Threshold (ss_thresh) change in each phase (after initialization, where cwnd = 1 and ss_thresh = advertised window size) in 1-4 sentences total.",4,6.2,Queuing Disciplines,0.48136040568351746,full,"Section 6.3 covers slow start’s per-ACK cwnd increase to a fixed threshold, subsequent linear growth, and timeout recovery setting ss_thresh to half the previous cwnd and resetting cwnd to one, so no mechanisms required by the reference answer are missing."
q_582d0a1c,"In the lecture you have learned about congestion control with TCP. Name the 2 phases of congestion control and explain how the Congestion Window (cwnd) and the Slow Start Threshold (ss_thresh) change in each phase (after initialization, where cwnd = 1 and ss_thresh = advertised window size) in 1-4 sentences total.",5,6-problem-allocating-resources,Problem: Allocating Resources,0.4775714874267578,full,"Section 6.3 covers slow start’s per-ACK cwnd increase to a fixed threshold, subsequent linear growth, and timeout recovery setting ss_thresh to half the previous cwnd and resetting cwnd to one, so no mechanisms required by the reference answer are missing."
q_f4b93865,Name the 3 service classes the Data Link Layer offers and explain the differences between the classes.,1,5-problem-getting-processes-to-communicate,Problem: Getting Processes to Communicate,0.4614589512348175,none,"The sections do not describe the three Data Link Layer service classes or their differences in acknowledgments, retransmission, ordering, flow control, and connection setup/teardown; the transport-layer discussion offers only general conceptual overlap."
q_f4b93865,Name the 3 service classes the Data Link Layer offers and explain the differences between the classes.,2,2.1,Technology Landscape,0.4132569134235382,none,"The sections do not describe the three Data Link Layer service classes or their differences in acknowledgments, retransmission, ordering, flow control, and connection setup/teardown; the transport-layer discussion offers only general conceptual overlap."
q_f4b93865,Name the 3 service classes the Data Link Layer offers and explain the differences between the classes.,3,2-perspective-race-to-the-edge,Perspective: Race to the Edge,0.4100642502307892,none,"The sections do not describe the three Data Link Layer service classes or their differences in acknowledgments, retransmission, ordering, flow control, and connection setup/teardown; the transport-layer discussion offers only general conceptual overlap."
q_f4b93865,Name the 3 service classes the Data Link Layer offers and explain the differences between the classes.,4,5.3,Remote Procedure Call,0.40968242287635803,none,"The sections do not describe the three Data Link Layer service classes or their differences in acknowledgments, retransmission, ordering, flow control, and connection setup/teardown; the transport-layer discussion offers only general conceptual overlap."
q_f4b93865,Name the 3 service classes the Data Link Layer offers and explain the differences between the classes.,5,2.5,Reliable Transmission,0.4037066698074341,none,"The sections do not describe the three Data Link Layer service classes or their differences in acknowledgments, retransmission, ordering, flow control, and connection setup/teardown; the transport-layer discussion offers only general conceptual overlap."
q_c474fd48,Assume you have a local network with 3 users that are all interconnected and have perfect clocks. Typically the network is often congested as all users generate more traffic than the link’s capacities. Which of the encoding techniques introduced in the lecture should be used in this network to encode bitstreams? Give two reasons for your answer in 2-4 sentences.,1,7-problem-what-do-we-do-with-the-data,Problem: What Do We Do with the Data?,0.6149978041648865,partial,"Section 2.3 identifies simple NRZ encoding and explains transitions for clock recovery, but the sections do not compare binary encoding’s one bit per baud with Manchester’s half bit per baud, which is needed for the bandwidth-efficiency justification."
q_c474fd48,Assume you have a local network with 3 users that are all interconnected and have perfect clocks. Typically the network is often congested as all users generate more traffic than the link’s capacities. Which of the encoding techniques introduced in the lecture should be used in this network to encode bitstreams? Give two reasons for your answer in 2-4 sentences.,2,2.3,Framing,0.4575434923171997,partial,"Section 2.3 identifies simple NRZ encoding and explains transitions for clock recovery, but the sections do not compare binary encoding’s one bit per baud with Manchester’s half bit per baud, which is needed for the bandwidth-efficiency justification."
q_c474fd48,Assume you have a local network with 3 users that are all interconnected and have perfect clocks. Typically the network is often congested as all users generate more traffic than the link’s capacities. Which of the encoding techniques introduced in the lecture should be used in this network to encode bitstreams? Give two reasons for your answer in 2-4 sentences.,3,5.2,Reliable Byte Stream (TCP),0.44631996750831604,partial,"Section 2.3 identifies simple NRZ encoding and explains transitions for clock recovery, but the sections do not compare binary encoding’s one bit per baud with Manchester’s half bit per baud, which is needed for the bandwidth-efficiency justification."
q_c474fd48,Assume you have a local network with 3 users that are all interconnected and have perfect clocks. Typically the network is often congested as all users generate more traffic than the link’s capacities. Which of the encoding techniques introduced in the lecture should be used in this network to encode bitstreams? Give two reasons for your answer in 2-4 sentences.,4,2.2,Encoding,0.42451417446136475,partial,"Section 2.3 identifies simple NRZ encoding and explains transitions for clock recovery, but the sections do not compare binary encoding’s one bit per baud with Manchester’s half bit per baud, which is needed for the bandwidth-efficiency justification."
q_c474fd48,Assume you have a local network with 3 users that are all interconnected and have perfect clocks. Typically the network is often congested as all users generate more traffic than the link’s capacities. Which of the encoding techniques introduced in the lecture should be used in this network to encode bitstreams? Give two reasons for your answer in 2-4 sentences.,5,9.2,Multimedia Applications,0.40427136421203613,partial,"Section 2.3 identifies simple NRZ encoding and explains transitions for clock recovery, but the sections do not compare binary encoding’s one bit per baud with Manchester’s half bit per baud, which is needed for the bandwidth-efficiency justification."
q_144222a8,WHICH PROPERTY of spanning trees makes them appealing for broad- and multicasting? EXPLAIN how you can modify Link State Routing to construct a spanning tree for multicasting.,1,4.3,Multicast,0.4453275501728058,partial,"Section 4.3 covers multicast distribution trees and avoidance of loops and duplicate packets, but the supplied sections do not explain adding multicast-group membership to flooded link-state packets so each router can locally compute a multicast spanning tree from complete topology and membership information."
q_144222a8,WHICH PROPERTY of spanning trees makes them appealing for broad- and multicasting? EXPLAIN how you can modify Link State Routing to construct a spanning tree for multicasting.,2,6-problem-allocating-resources,Problem: Allocating Resources,0.4010949432849884,partial,"Section 4.3 covers multicast distribution trees and avoidance of loops and duplicate packets, but the supplied sections do not explain adding multicast-group membership to flooded link-state packets so each router can locally compute a multicast spanning tree from complete topology and membership information."
q_144222a8,WHICH PROPERTY of spanning trees makes them appealing for broad- and multicasting? EXPLAIN how you can modify Link State Routing to construct a spanning tree for multicasting.,3,3.1,Switching Basics,0.4002562463283539,partial,"Section 4.3 covers multicast distribution trees and avoidance of loops and duplicate packets, but the supplied sections do not explain adding multicast-group membership to flooded link-state packets so each router can locally compute a multicast spanning tree from complete topology and membership information."
q_144222a8,WHICH PROPERTY of spanning trees makes them appealing for broad- and multicasting? EXPLAIN how you can modify Link State Routing to construct a spanning tree for multicasting.,4,3-problem-not-all-networks-are-directly-connected,Problem: Not All Networks are Directly Connected,0.39589571952819824,partial,"Section 4.3 covers multicast distribution trees and avoidance of loops and duplicate packets, but the supplied sections do not explain adding multicast-group membership to flooded link-state packets so each router can locally compute a multicast spanning tree from complete topology and membership information."
q_144222a8,WHICH PROPERTY of spanning trees makes them appealing for broad- and multicasting? EXPLAIN how you can modify Link State Routing to construct a spanning tree for multicasting.,5,6.1,Issues in Resource Allocation,0.3874332010746002,partial,"Section 4.3 covers multicast distribution trees and avoidance of loops and duplicate packets, but the supplied sections do not explain adding multicast-group membership to flooded link-state packets so each router can locally compute a multicast spanning tree from complete topology and membership information."
q_440b7dc2,"Let us assume that you flip a coin 6 times where the probability of heads (H) showing up is 0.6. Please arrange the following events in the increasing order of their likelihood (i.e., least probable → most probable): ● Event A: you see at least three H’s ● Event B: you see the sequence HHHTTT ● Event C: you see exactly three H’s Include justification in your answer headers.",1,3.4,Routing,0.1790764033794403,none,"The sections discuss routing, TCP, and framing, not the event-inclusion reasoning or independent coin-toss and binomial probability calculations needed to justify B < C < A."
q_440b7dc2,"Let us assume that you flip a coin 6 times where the probability of heads (H) showing up is 0.6. Please arrange the following events in the increasing order of their likelihood (i.e., least probable → most probable): ● Event A: you see at least three H’s ● Event B: you see the sequence HHHTTT ● Event C: you see exactly three H’s Include justification in your answer headers.",2,5.2,Reliable Byte Stream (TCP),0.12166757881641388,none,"The sections discuss routing, TCP, and framing, not the event-inclusion reasoning or independent coin-toss and binomial probability calculations needed to justify B < C < A."
q_440b7dc2,"Let us assume that you flip a coin 6 times where the probability of heads (H) showing up is 0.6. Please arrange the following events in the increasing order of their likelihood (i.e., least probable → most probable): ● Event A: you see at least three H’s ● Event B: you see the sequence HHHTTT ● Event C: you see exactly three H’s Include justification in your answer headers.",3,2.3,Framing,0.11165658384561539,none,"The sections discuss routing, TCP, and framing, not the event-inclusion reasoning or independent coin-toss and binomial probability calculations needed to justify B < C < A."
q_440b7dc2,"Let us assume that you flip a coin 6 times where the probability of heads (H) showing up is 0.6. Please arrange the following events in the increasing order of their likelihood (i.e., least probable → most probable): ● Event A: you see at least three H’s ● Event B: you see the sequence HHHTTT ● Event C: you see exactly three H’s Include justification in your answer headers.",4,8.2,Cryptographic Building Blocks,0.1093103215098381,none,"The sections discuss routing, TCP, and framing, not the event-inclusion reasoning or independent coin-toss and binomial probability calculations needed to justify B < C < A."
q_440b7dc2,"Let us assume that you flip a coin 6 times where the probability of heads (H) showing up is 0.6. Please arrange the following events in the increasing order of their likelihood (i.e., least probable → most probable): ● Event A: you see at least three H’s ● Event B: you see the sequence HHHTTT ● Event C: you see exactly three H’s Include justification in your answer headers.",5,2.4,Error Detection,0.08961121737957001,none,"The sections discuss routing, TCP, and framing, not the event-inclusion reasoning or independent coin-toss and binomial probability calculations needed to justify B < C < A."
q_925c2914,"Consider the following network topology from the lecture:With routing, we want to find the best path for our packets. For this, we first need to define a metric to evaluate the quality of a path. One possible choice could be the current load (i.e. the current utilization in terms of sent packets/bytes) on this path. Assume that A wants to send data to G, could this routing strategy cause any problems at the receiver end? Please explain your answer in 1-2 sentences.",1,6-problem-allocating-resources,Problem: Allocating Resources,0.4762646555900574,none,"These sections discuss resource allocation and traffic engineering, but do not explain how current-load routing metrics cause route oscillations or how changing paths can produce packet reordering at the receiver."
q_925c2914,"Consider the following network topology from the lecture:With routing, we want to find the best path for our packets. For this, we first need to define a metric to evaluate the quality of a path. One possible choice could be the current load (i.e. the current utilization in terms of sent packets/bytes) on this path. Assume that A wants to send data to G, could this routing strategy cause any problems at the receiver end? Please explain your answer in 1-2 sentences.",2,6.1,Issues in Resource Allocation,0.45849496126174927,none,"These sections discuss resource allocation and traffic engineering, but do not explain how current-load routing metrics cause route oscillations or how changing paths can produce packet reordering at the receiver."
q_925c2914,"Consider the following network topology from the lecture:With routing, we want to find the best path for our packets. For this, we first need to define a metric to evaluate the quality of a path. One possible choice could be the current load (i.e. the current utilization in terms of sent packets/bytes) on this path. Assume that A wants to send data to G, could this routing strategy cause any problems at the receiver end? Please explain your answer in 1-2 sentences.",3,6-perspective-software-defined-traffic-engineering,Perspective: Software-Defined Traffic Engineering,0.38665878772735596,none,"These sections discuss resource allocation and traffic engineering, but do not explain how current-load routing metrics cause route oscillations or how changing paths can produce packet reordering at the receiver."
q_925c2914,"Consider the following network topology from the lecture:With routing, we want to find the best path for our packets. For this, we first need to define a metric to evaluate the quality of a path. One possible choice could be the current load (i.e. the current utilization in terms of sent packets/bytes) on this path. Assume that A wants to send data to G, could this routing strategy cause any problems at the receiver end? Please explain your answer in 1-2 sentences.",4,6.2,Queuing Disciplines,0.3823830783367157,none,"These sections discuss resource allocation and traffic engineering, but do not explain how current-load routing metrics cause route oscillations or how changing paths can produce packet reordering at the receiver."
q_925c2914,"Consider the following network topology from the lecture:With routing, we want to find the best path for our packets. For this, we first need to define a metric to evaluate the quality of a path. One possible choice could be the current load (i.e. the current utilization in terms of sent packets/bytes) on this path. Assume that A wants to send data to G, could this routing strategy cause any problems at the receiver end? Please explain your answer in 1-2 sentences.",5,4-problem-scaling-to-billions,Problem: Scaling to Billions,0.38094913959503174,none,"These sections discuss resource allocation and traffic engineering, but do not explain how current-load routing metrics cause route oscillations or how changing paths can produce packet reordering at the receiver."
q_5dcb7095,Why can duplicate packets be a problem in a network? Please state your answer in a single sentence.,1,4.3,Multicast,0.43151235580444336,partial,"Section 5.2 explains how old or retransmitted segments can be mistaken for current traffic and why sequence numbers matter, but does not explicitly explain that undetected duplicates can cause a receiver to act on the same information twice."
q_5dcb7095,Why can duplicate packets be a problem in a network? Please state your answer in a single sentence.,2,6-problem-allocating-resources,Problem: Allocating Resources,0.4129415452480316,partial,"Section 5.2 explains how old or retransmitted segments can be mistaken for current traffic and why sequence numbers matter, but does not explicitly explain that undetected duplicates can cause a receiver to act on the same information twice."
q_5dcb7095,Why can duplicate packets be a problem in a network? Please state your answer in a single sentence.,3,5.2,Reliable Byte Stream (TCP),0.40035492181777954,partial,"Section 5.2 explains how old or retransmitted segments can be mistaken for current traffic and why sequence numbers matter, but does not explicitly explain that undetected duplicates can cause a receiver to act on the same information twice."
q_5dcb7095,Why can duplicate packets be a problem in a network? Please state your answer in a single sentence.,4,2.5,Reliable Transmission,0.39191076159477234,partial,"Section 5.2 explains how old or retransmitted segments can be mistaken for current traffic and why sequence numbers matter, but does not explicitly explain that undetected duplicates can cause a receiver to act on the same information twice."
q_5dcb7095,Why can duplicate packets be a problem in a network? Please state your answer in a single sentence.,5,2.3,Framing,0.38842013478279114,partial,"Section 5.2 explains how old or retransmitted segments can be mistaken for current traffic and why sequence numbers matter, but does not explicitly explain that undetected duplicates can cause a receiver to act on the same information twice."
q_64cfb1e3,WHAT are the challenges of Mobile Routing compared to routing in fixed and wired networks? Please NAME and DESCRIBE two challenges.,1,6.1,Issues in Resource Allocation,0.45621970295906067,partial,"Section 4.5 covers mobility adaptation, security, and battery-power constraints, but the sections do not explain hidden/exposed terminals, near–far interference, or the reference answer’s mobile-specific QoS, scalability, heterogeneity, and dependability challenges in full."
q_64cfb1e3,WHAT are the challenges of Mobile Routing compared to routing in fixed and wired networks? Please NAME and DESCRIBE two challenges.,2,4.5,Routing Among Mobile Devices,0.4431530237197876,partial,"Section 4.5 covers mobility adaptation, security, and battery-power constraints, but the sections do not explain hidden/exposed terminals, near–far interference, or the reference answer’s mobile-specific QoS, scalability, heterogeneity, and dependability challenges in full."
q_64cfb1e3,WHAT are the challenges of Mobile Routing compared to routing in fixed and wired networks? Please NAME and DESCRIBE two challenges.,3,2.1,Technology Landscape,0.43685922026634216,partial,"Section 4.5 covers mobility adaptation, security, and battery-power constraints, but the sections do not explain hidden/exposed terminals, near–far interference, or the reference answer’s mobile-specific QoS, scalability, heterogeneity, and dependability challenges in full."
q_64cfb1e3,WHAT are the challenges of Mobile Routing compared to routing in fixed and wired networks? Please NAME and DESCRIBE two challenges.,4,6-problem-allocating-resources,Problem: Allocating Resources,0.43312618136405945,partial,"Section 4.5 covers mobility adaptation, security, and battery-power constraints, but the sections do not explain hidden/exposed terminals, near–far interference, or the reference answer’s mobile-specific QoS, scalability, heterogeneity, and dependability challenges in full."
q_64cfb1e3,WHAT are the challenges of Mobile Routing compared to routing in fixed and wired networks? Please NAME and DESCRIBE two challenges.,5,2.3,Framing,0.42649251222610474,partial,"Section 4.5 covers mobility adaptation, security, and battery-power constraints, but the sections do not explain hidden/exposed terminals, near–far interference, or the reference answer’s mobile-specific QoS, scalability, heterogeneity, and dependability challenges in full."
q_ad9ae0e3,What requirement has to be met so that you can use the piggybacking extension to the sliding window protocol?,1,5.2,Reliable Byte Stream (TCP),0.3474481999874115,partial,"Section 5.2 describes full-duplex communication and acknowledgment fields carried alongside data, but does not explicitly explain piggybacking or identify two-way communication as the requirement for using it with sliding windows."
q_ad9ae0e3,What requirement has to be met so that you can use the piggybacking extension to the sliding window protocol?,2,5-problem-getting-processes-to-communicate,Problem: Getting Processes to Communicate,0.3131721317768097,partial,"Section 5.2 describes full-duplex communication and acknowledgment fields carried alongside data, but does not explicitly explain piggybacking or identify two-way communication as the requirement for using it with sliding windows."
q_ad9ae0e3,What requirement has to be met so that you can use the piggybacking extension to the sliding window protocol?,3,5.3,Remote Procedure Call,0.30556046962738037,partial,"Section 5.2 describes full-duplex communication and acknowledgment fields carried alongside data, but does not explicitly explain piggybacking or identify two-way communication as the requirement for using it with sliding windows."
q_ad9ae0e3,What requirement has to be met so that you can use the piggybacking extension to the sliding window protocol?,4,2.3,Framing,0.2942887544631958,partial,"Section 5.2 describes full-duplex communication and acknowledgment fields carried alongside data, but does not explicitly explain piggybacking or identify two-way communication as the requirement for using it with sliding windows."
q_ad9ae0e3,What requirement has to be met so that you can use the piggybacking extension to the sliding window protocol?,5,2.5,Reliable Transmission,0.27562421560287476,partial,"Section 5.2 describes full-duplex communication and acknowledgment fields carried alongside data, but does not explicitly explain piggybacking or identify two-way communication as the requirement for using it with sliding windows."
q_dad46b82,What is the difference between asynchronous and synchronous transmission mode in the Data Link Layer.,1,2.3,Framing,0.3426557183265686,partial,"Section 2.3 covers frame-based transmission using SYN characters or flags and sender–receiver clock synchronization, but the sections omit asynchronous per-character start/stop bits and the comparative cost, complexity, and transmission-rate tradeoffs."
q_dad46b82,What is the difference between asynchronous and synchronous transmission mode in the Data Link Layer.,2,6.3,TCP Congestion Control,0.3416053354740143,partial,"Section 2.3 covers frame-based transmission using SYN characters or flags and sender–receiver clock synchronization, but the sections omit asynchronous per-character start/stop bits and the comparative cost, complexity, and transmission-rate tradeoffs."
q_dad46b82,What is the difference between asynchronous and synchronous transmission mode in the Data Link Layer.,3,5.3,Remote Procedure Call,0.326626181602478,partial,"Section 2.3 covers frame-based transmission using SYN characters or flags and sender–receiver clock synchronization, but the sections omit asynchronous per-character start/stop bits and the comparative cost, complexity, and transmission-rate tradeoffs."
q_dad46b82,What is the difference between asynchronous and synchronous transmission mode in the Data Link Layer.,4,6.5,Quality of Service,0.3247744143009186,partial,"Section 2.3 covers frame-based transmission using SYN characters or flags and sender–receiver clock synchronization, but the sections omit asynchronous per-character start/stop bits and the comparative cost, complexity, and transmission-rate tradeoffs."
q_dad46b82,What is the difference between asynchronous and synchronous transmission mode in the Data Link Layer.,5,7.1,Presentation Formatting,0.321720689535141,partial,"Section 2.3 covers frame-based transmission using SYN characters or flags and sender–receiver clock synchronization, but the sections omit asynchronous per-character start/stop bits and the comparative cost, complexity, and transmission-rate tradeoffs."
q_56643e00,"Consider the following topology from the exercise. This time, node A wants to distribute a packet using Reverse Path Broadcast (RPB). Assume that every IS knows the best path to A and also whether they are the next hop of their neighbors on the unicast path to A.Please list all the packets which are sent together with the information whether they will be forwarded or dropped at the receiving nodes. Use the following notation: (sender, receiver, drop) for dropped and (sender, receiver, forward) for forwarded packets. Please group these tuples according to the number of hops the packets have travelled so far. For dropped packets, please specify the reason why the packet has been dropped in a few words.Example for the notation:Hop 1:(C, A, forward)(C, B, drop) <= describe reason hereHop 2:(A, D, drop) <= describe reason here",1,2.3,Framing,0.44234544038772583,partial,"Section 3.4 covers shortest paths, next hops, and flooding without sending back on the incoming link, but does not explain RPB’s use of neighbors’ unicast next hops toward the source to select forwarding branches and stop forwarding at nodes with no downstream neighbors."
q_56643e00,"Consider the following topology from the exercise. This time, node A wants to distribute a packet using Reverse Path Broadcast (RPB). Assume that every IS knows the best path to A and also whether they are the next hop of their neighbors on the unicast path to A.Please list all the packets which are sent together with the information whether they will be forwarded or dropped at the receiving nodes. Use the following notation: (sender, receiver, drop) for dropped and (sender, receiver, forward) for forwarded packets. Please group these tuples according to the number of hops the packets have travelled so far. For dropped packets, please specify the reason why the packet has been dropped in a few words.Example for the notation:Hop 1:(C, A, forward)(C, B, drop) <= describe reason hereHop 2:(A, D, drop) <= describe reason here",2,3.4,Routing,0.4128727316856384,partial,"Section 3.4 covers shortest paths, next hops, and flooding without sending back on the incoming link, but does not explain RPB’s use of neighbors’ unicast next hops toward the source to select forwarding branches and stop forwarding at nodes with no downstream neighbors."
q_56643e00,"Consider the following topology from the exercise. This time, node A wants to distribute a packet using Reverse Path Broadcast (RPB). Assume that every IS knows the best path to A and also whether they are the next hop of their neighbors on the unicast path to A.Please list all the packets which are sent together with the information whether they will be forwarded or dropped at the receiving nodes. Use the following notation: (sender, receiver, drop) for dropped and (sender, receiver, forward) for forwarded packets. Please group these tuples according to the number of hops the packets have travelled so far. For dropped packets, please specify the reason why the packet has been dropped in a few words.Example for the notation:Hop 1:(C, A, forward)(C, B, drop) <= describe reason hereHop 2:(A, D, drop) <= describe reason here",3,6.1,Issues in Resource Allocation,0.40984898805618286,partial,"Section 3.4 covers shortest paths, next hops, and flooding without sending back on the incoming link, but does not explain RPB’s use of neighbors’ unicast next hops toward the source to select forwarding branches and stop forwarding at nodes with no downstream neighbors."
q_56643e00,"Consider the following topology from the exercise. This time, node A wants to distribute a packet using Reverse Path Broadcast (RPB). Assume that every IS knows the best path to A and also whether they are the next hop of their neighbors on the unicast path to A.Please list all the packets which are sent together with the information whether they will be forwarded or dropped at the receiving nodes. Use the following notation: (sender, receiver, drop) for dropped and (sender, receiver, forward) for forwarded packets. Please group these tuples according to the number of hops the packets have travelled so far. For dropped packets, please specify the reason why the packet has been dropped in a few words.Example for the notation:Hop 1:(C, A, forward)(C, B, drop) <= describe reason hereHop 2:(A, D, drop) <= describe reason here",4,6-problem-allocating-resources,Problem: Allocating Resources,0.38988056778907776,partial,"Section 3.4 covers shortest paths, next hops, and flooding without sending back on the incoming link, but does not explain RPB’s use of neighbors’ unicast next hops toward the source to select forwarding branches and stop forwarding at nodes with no downstream neighbors."
q_56643e00,"Consider the following topology from the exercise. This time, node A wants to distribute a packet using Reverse Path Broadcast (RPB). Assume that every IS knows the best path to A and also whether they are the next hop of their neighbors on the unicast path to A.Please list all the packets which are sent together with the information whether they will be forwarded or dropped at the receiving nodes. Use the following notation: (sender, receiver, drop) for dropped and (sender, receiver, forward) for forwarded packets. Please group these tuples according to the number of hops the packets have travelled so far. For dropped packets, please specify the reason why the packet has been dropped in a few words.Example for the notation:Hop 1:(C, A, forward)(C, B, drop) <= describe reason hereHop 2:(A, D, drop) <= describe reason here",5,5.1,Simple Demultiplexor (UDP),0.359792023897171,partial,"Section 3.4 covers shortest paths, next hops, and flooding without sending back on the incoming link, but does not explain RPB’s use of neighbors’ unicast next hops toward the source to select forwarding branches and stop forwarding at nodes with no downstream neighbors."
q_d1028c77,"What happens to the ""collision domain diameter"" if you use CSMA / CD and increase the speed of a network by a factor of 10, eg from 10Mb / s to 100Mb / s (all else being equal)?",1,2.6,Multi-Access Networks,0.3916054666042328,full,"Section 2.6 explains that transmission must last at least a collision-domain round trip, and Section 1.5 relates transmission time to bandwidth and propagation delay to distance, allowing the tenfold diameter reduction to be derived with nothing essential missing."
q_d1028c77,"What happens to the ""collision domain diameter"" if you use CSMA / CD and increase the speed of a network by a factor of 10, eg from 10Mb / s to 100Mb / s (all else being equal)?",2,1.5,Performance,0.3603818714618683,full,"Section 2.6 explains that transmission must last at least a collision-domain round trip, and Section 1.5 relates transmission time to bandwidth and propagation delay to distance, allowing the tenfold diameter reduction to be derived with nothing essential missing."
q_d1028c77,"What happens to the ""collision domain diameter"" if you use CSMA / CD and increase the speed of a network by a factor of 10, eg from 10Mb / s to 100Mb / s (all else being equal)?",3,7-perspective-big-data-and-analytics,Perspective: Big Data and Analytics,0.3254391849040985,full,"Section 2.6 explains that transmission must last at least a collision-domain round trip, and Section 1.5 relates transmission time to bandwidth and propagation delay to distance, allowing the tenfold diameter reduction to be derived with nothing essential missing."
q_d1028c77,"What happens to the ""collision domain diameter"" if you use CSMA / CD and increase the speed of a network by a factor of 10, eg from 10Mb / s to 100Mb / s (all else being equal)?",4,6-perspective-software-defined-traffic-engineering,Perspective: Software-Defined Traffic Engineering,0.3006949722766876,full,"Section 2.6 explains that transmission must last at least a collision-domain round trip, and Section 1.5 relates transmission time to bandwidth and propagation delay to distance, allowing the tenfold diameter reduction to be derived with nothing essential missing."
q_d1028c77,"What happens to the ""collision domain diameter"" if you use CSMA / CD and increase the speed of a network by a factor of 10, eg from 10Mb / s to 100Mb / s (all else being equal)?",5,2-problem-connecting-to-a-network,Problem: Connecting to a Network,0.27908894419670105,full,"Section 2.6 explains that transmission must last at least a collision-domain round trip, and Section 1.5 relates transmission time to bandwidth and propagation delay to distance, allowing the tenfold diameter reduction to be derived with nothing essential missing."
q_ffd20e6a,"In the lecture you have learned about congestion control with TCP. Name the 2 phases of congestion control and explain how the Congestion Window (cwnd) and the Slow Start Threshold (ss_thresh) change in each phase (after initialization, where cwnd = 1 and ss_thresh = advertised window size) in 1-4 sentences .",1,6.3,TCP Congestion Control,0.6339470148086548,full,"Section 6.3 explains exponential slow start, linear congestion avoidance, the threshold-based transition, and timeout recovery setting ss_thresh to half the previous cwnd and resetting cwnd to one, covering all required mechanisms after the initialization supplied in the question."
q_ffd20e6a,"In the lecture you have learned about congestion control with TCP. Name the 2 phases of congestion control and explain how the Congestion Window (cwnd) and the Slow Start Threshold (ss_thresh) change in each phase (after initialization, where cwnd = 1 and ss_thresh = advertised window size) in 1-4 sentences .",2,6.4,Advanced Congestion Control,0.6332153677940369,full,"Section 6.3 explains exponential slow start, linear congestion avoidance, the threshold-based transition, and timeout recovery setting ss_thresh to half the previous cwnd and resetting cwnd to one, covering all required mechanisms after the initialization supplied in the question."
q_ffd20e6a,"In the lecture you have learned about congestion control with TCP. Name the 2 phases of congestion control and explain how the Congestion Window (cwnd) and the Slow Start Threshold (ss_thresh) change in each phase (after initialization, where cwnd = 1 and ss_thresh = advertised window size) in 1-4 sentences .",3,6-problem-allocating-resources,Problem: Allocating Resources,0.5241381525993347,full,"Section 6.3 explains exponential slow start, linear congestion avoidance, the threshold-based transition, and timeout recovery setting ss_thresh to half the previous cwnd and resetting cwnd to one, covering all required mechanisms after the initialization supplied in the question."
q_ffd20e6a,"In the lecture you have learned about congestion control with TCP. Name the 2 phases of congestion control and explain how the Congestion Window (cwnd) and the Slow Start Threshold (ss_thresh) change in each phase (after initialization, where cwnd = 1 and ss_thresh = advertised window size) in 1-4 sentences .",4,6.2,Queuing Disciplines,0.5129360556602478,full,"Section 6.3 explains exponential slow start, linear congestion avoidance, the threshold-based transition, and timeout recovery setting ss_thresh to half the previous cwnd and resetting cwnd to one, covering all required mechanisms after the initialization supplied in the question."
q_ffd20e6a,"In the lecture you have learned about congestion control with TCP. Name the 2 phases of congestion control and explain how the Congestion Window (cwnd) and the Slow Start Threshold (ss_thresh) change in each phase (after initialization, where cwnd = 1 and ss_thresh = advertised window size) in 1-4 sentences .",5,6.1,Issues in Resource Allocation,0.48810046911239624,full,"Section 6.3 explains exponential slow start, linear congestion avoidance, the threshold-based transition, and timeout recovery setting ss_thresh to half the previous cwnd and resetting cwnd to one, covering all required mechanisms after the initialization supplied in the question."
q_f91e87b8,Write-down all addresses in Class A networks that are reserved.,1,x-foreword-to-the-first-edition,Foreword to the First Edition,0.3247852623462677,none,"The sections do not explain classful IPv4 Class A ranges, the 126 addressable networks (1–126), or the reservations of 127.x.y.z for loopback and optionally 0.x.y.z."
q_f91e87b8,Write-down all addresses in Class A networks that are reserved.,2,4.2,IP Version 6,0.312611848115921,none,"The sections do not explain classful IPv4 Class A ranges, the 126 addressable networks (1–126), or the reservations of 127.x.y.z for loopback and optionally 0.x.y.z."
q_f91e87b8,Write-down all addresses in Class A networks that are reserved.,3,1.3,Architecture,0.28306660056114197,none,"The sections do not explain classful IPv4 Class A ranges, the 126 addressable networks (1–126), or the reservations of 127.x.y.z for loopback and optionally 0.x.y.z."
q_f91e87b8,Write-down all addresses in Class A networks that are reserved.,4,9.3,Infrastructure Applications,0.25767073035240173,none,"The sections do not explain classful IPv4 Class A ranges, the 126 addressable networks (1–126), or the reservations of 127.x.y.z for loopback and optionally 0.x.y.z."
q_f91e87b8,Write-down all addresses in Class A networks that are reserved.,5,3.3,Internet (IP),0.23719096183776855,none,"The sections do not explain classful IPv4 Class A ranges, the 126 addressable networks (1–126), or the reservations of 127.x.y.z for loopback and optionally 0.x.y.z."
q_57a5b057,Transparent bridges manage a bridge table for the forwarding process. Please describe what information the table holds and how it is modified during the backwards learning phase. How is the table used in the forwarding process and what is one benefit of that? Please answer the question in 2-5 sentences. ,1,6.4,Advanced Congestion Control,0.4781014919281006,none,"The sections discuss congestion control, overlays, and IP routing rather than transparent bridges, and omit MAC-to-interface bridge tables, backward learning from source addresses, entry aging, and selective forwarding versus unknown-destination flooding."
q_57a5b057,Transparent bridges manage a bridge table for the forwarding process. Please describe what information the table holds and how it is modified during the backwards learning phase. How is the table used in the forwarding process and what is one benefit of that? Please answer the question in 2-5 sentences. ,2,9.4,Overlay Networks,0.47478511929512024,none,"The sections discuss congestion control, overlays, and IP routing rather than transparent bridges, and omit MAC-to-interface bridge tables, backward learning from source addresses, entry aging, and selective forwarding versus unknown-destination flooding."
q_57a5b057,Transparent bridges manage a bridge table for the forwarding process. Please describe what information the table holds and how it is modified during the backwards learning phase. How is the table used in the forwarding process and what is one benefit of that? Please answer the question in 2-5 sentences. ,3,3.4,Routing,0.45804980397224426,none,"The sections discuss congestion control, overlays, and IP routing rather than transparent bridges, and omit MAC-to-interface bridge tables, backward learning from source addresses, entry aging, and selective forwarding versus unknown-destination flooding."
q_57a5b057,Transparent bridges manage a bridge table for the forwarding process. Please describe what information the table holds and how it is modified during the backwards learning phase. How is the table used in the forwarding process and what is one benefit of that? Please answer the question in 2-5 sentences. ,4,2.3,Framing,0.45266544818878174,none,"The sections discuss congestion control, overlays, and IP routing rather than transparent bridges, and omit MAC-to-interface bridge tables, backward learning from source addresses, entry aging, and selective forwarding versus unknown-destination flooding."
q_57a5b057,Transparent bridges manage a bridge table for the forwarding process. Please describe what information the table holds and how it is modified during the backwards learning phase. How is the table used in the forwarding process and what is one benefit of that? Please answer the question in 2-5 sentences. ,5,6-problem-allocating-resources,Problem: Allocating Resources,0.44124388694763184,none,"The sections discuss congestion control, overlays, and IP routing rather than transparent bridges, and omit MAC-to-interface bridge tables, backward learning from source addresses, entry aging, and selective forwarding versus unknown-destination flooding."
q_209066d4,What is the “Dynamic Host Configuration Protocol (DHCP)”? What is it used for? ,1,4.2,IP Version 6,0.3816829025745392,partial,"Section 4.2 describes DHCP-based assignment of addresses and configuration information to simplify host setup, but the sections do not cover DHCP replacing RARP/BOOTP, manual versus automatic address assignment, or provision of a default router."
q_209066d4,What is the “Dynamic Host Configuration Protocol (DHCP)”? What is it used for? ,2,9.2,Multimedia Applications,0.3555974066257477,partial,"Section 4.2 describes DHCP-based assignment of addresses and configuration information to simplify host setup, but the sections do not cover DHCP replacing RARP/BOOTP, manual versus automatic address assignment, or provision of a default router."
q_209066d4,What is the “Dynamic Host Configuration Protocol (DHCP)”? What is it used for? ,3,5-perspective-http-is-the-new-narrow-waist,Perspective: HTTP is the New Narrow Waist,0.35550832748413086,partial,"Section 4.2 describes DHCP-based assignment of addresses and configuration information to simplify host setup, but the sections do not cover DHCP replacing RARP/BOOTP, manual versus automatic address assignment, or provision of a default router."
q_209066d4,What is the “Dynamic Host Configuration Protocol (DHCP)”? What is it used for? ,4,9.3,Infrastructure Applications,0.3500525653362274,partial,"Section 4.2 describes DHCP-based assignment of addresses and configuration information to simplify host setup, but the sections do not cover DHCP replacing RARP/BOOTP, manual versus automatic address assignment, or provision of a default router."
q_209066d4,What is the “Dynamic Host Configuration Protocol (DHCP)”? What is it used for? ,5,5.1,Simple Demultiplexor (UDP),0.3452621400356293,partial,"Section 4.2 describes DHCP-based assignment of addresses and configuration information to simplify host setup, but the sections do not cover DHCP replacing RARP/BOOTP, manual versus automatic address assignment, or provision of a default router."
q_3ffcad84,What are the objectives of IPv6? Please state at least 4 objectives. ,1,5-perspective-http-is-the-new-narrow-waist,Perspective: HTTP is the New Narrow Waist,0.5097731351852417,full,"Section 4.2 covers all referenced IPv6 objectives: vastly expanded addressing, routing aggregation, simpler header processing, security, real-time/QoS support with TrafficClass and FlowLabel, multicast, mobility, extensibility through extension headers, and coexistence with IPv4; nothing essential is missing."
q_3ffcad84,What are the objectives of IPv6? Please state at least 4 objectives. ,2,4.2,IP Version 6,0.46817269921302795,full,"Section 4.2 covers all referenced IPv6 objectives: vastly expanded addressing, routing aggregation, simpler header processing, security, real-time/QoS support with TrafficClass and FlowLabel, multicast, mobility, extensibility through extension headers, and coexistence with IPv4; nothing essential is missing."
q_3ffcad84,What are the objectives of IPv6? Please state at least 4 objectives. ,3,4.4,Multiprotocol Label Switching,0.4137198328971863,full,"Section 4.2 covers all referenced IPv6 objectives: vastly expanded addressing, routing aggregation, simpler header processing, security, real-time/QoS support with TrafficClass and FlowLabel, multicast, mobility, extensibility through extension headers, and coexistence with IPv4; nothing essential is missing."
q_3ffcad84,What are the objectives of IPv6? Please state at least 4 objectives. ,4,5.1,Simple Demultiplexor (UDP),0.4063129723072052,full,"Section 4.2 covers all referenced IPv6 objectives: vastly expanded addressing, routing aggregation, simpler header processing, security, real-time/QoS support with TrafficClass and FlowLabel, multicast, mobility, extensibility through extension headers, and coexistence with IPv4; nothing essential is missing."
q_3ffcad84,What are the objectives of IPv6? Please state at least 4 objectives. ,5,5-problem-getting-processes-to-communicate,Problem: Getting Processes to Communicate,0.40085679292678833,full,"Section 4.2 covers all referenced IPv6 objectives: vastly expanded addressing, routing aggregation, simpler header processing, security, real-time/QoS support with TrafficClass and FlowLabel, multicast, mobility, extensibility through extension headers, and coexistence with IPv4; nothing essential is missing."
q_8c6ac5be,"To model the packet arrivals as a poisson process, we assumed that the arrivals for each time interval Δt are independent. Does this assumption hold for real INTERNET traffic? Explain your answer in 2-5 sentences. ",1,6.5,Quality of Service,0.481209933757782,partial,"Section 6.5 explains bursty, time-varying application traffic, but the sections do not explicitly connect it to failure of Poisson independent arrivals or describe on-demand video segment fetching governed by client playback state."
q_8c6ac5be,"To model the packet arrivals as a poisson process, we assumed that the arrivals for each time interval Δt are independent. Does this assumption hold for real INTERNET traffic? Explain your answer in 2-5 sentences. ",2,6-problem-allocating-resources,Problem: Allocating Resources,0.4721413254737854,partial,"Section 6.5 explains bursty, time-varying application traffic, but the sections do not explicitly connect it to failure of Poisson independent arrivals or describe on-demand video segment fetching governed by client playback state."
q_8c6ac5be,"To model the packet arrivals as a poisson process, we assumed that the arrivals for each time interval Δt are independent. Does this assumption hold for real INTERNET traffic? Explain your answer in 2-5 sentences. ",3,5.4,Transport for Real-Time (RTP),0.4443374574184418,partial,"Section 6.5 explains bursty, time-varying application traffic, but the sections do not explicitly connect it to failure of Poisson independent arrivals or describe on-demand video segment fetching governed by client playback state."
q_8c6ac5be,"To model the packet arrivals as a poisson process, we assumed that the arrivals for each time interval Δt are independent. Does this assumption hold for real INTERNET traffic? Explain your answer in 2-5 sentences. ",4,6.3,TCP Congestion Control,0.4253278374671936,partial,"Section 6.5 explains bursty, time-varying application traffic, but the sections do not explicitly connect it to failure of Poisson independent arrivals or describe on-demand video segment fetching governed by client playback state."
q_8c6ac5be,"To model the packet arrivals as a poisson process, we assumed that the arrivals for each time interval Δt are independent. Does this assumption hold for real INTERNET traffic? Explain your answer in 2-5 sentences. ",5,6.4,Advanced Congestion Control,0.41292017698287964,partial,"Section 6.5 explains bursty, time-varying application traffic, but the sections do not explicitly connect it to failure of Poisson independent arrivals or describe on-demand video segment fetching governed by client playback state."
q_613924d7,State at least 4 of the differences shown in the lecture between the UDP and TCP headers.,1,5.2,Reliable Byte Stream (TCP),0.4964527487754822,partial,"Sections 5.1 and 5.2 cover many TCP-only fields and TCP’s variable-length header with options and data offset, but the supplied text does not establish the 8-byte versus 20–60-byte header sizes, UDP’s fixed header length and header-plus-data length semantics, reserved bits/padding, or UDP source-port optionality."
q_613924d7,State at least 4 of the differences shown in the lecture between the UDP and TCP headers.,2,5.3,Remote Procedure Call,0.49053576588630676,partial,"Sections 5.1 and 5.2 cover many TCP-only fields and TCP’s variable-length header with options and data offset, but the supplied text does not establish the 8-byte versus 20–60-byte header sizes, UDP’s fixed header length and header-plus-data length semantics, reserved bits/padding, or UDP source-port optionality."
q_613924d7,State at least 4 of the differences shown in the lecture between the UDP and TCP headers.,3,5.1,Simple Demultiplexor (UDP),0.4899391233921051,partial,"Sections 5.1 and 5.2 cover many TCP-only fields and TCP’s variable-length header with options and data offset, but the supplied text does not establish the 8-byte versus 20–60-byte header sizes, UDP’s fixed header length and header-plus-data length semantics, reserved bits/padding, or UDP source-port optionality."
q_613924d7,State at least 4 of the differences shown in the lecture between the UDP and TCP headers.,4,6.3,TCP Congestion Control,0.43860650062561035,partial,"Sections 5.1 and 5.2 cover many TCP-only fields and TCP’s variable-length header with options and data offset, but the supplied text does not establish the 8-byte versus 20–60-byte header sizes, UDP’s fixed header length and header-plus-data length semantics, reserved bits/padding, or UDP source-port optionality."
q_613924d7,State at least 4 of the differences shown in the lecture between the UDP and TCP headers.,5,5-problem-getting-processes-to-communicate,Problem: Getting Processes to Communicate,0.3681541383266449,partial,"Sections 5.1 and 5.2 cover many TCP-only fields and TCP’s variable-length header with options and data offset, but the supplied text does not establish the 8-byte versus 20–60-byte header sizes, UDP’s fixed header length and header-plus-data length semantics, reserved bits/padding, or UDP source-port optionality."
q_94af3f66,Name the two modes of control plane distribution and name one downside for each of them. ,1,6.1,Issues in Resource Allocation,0.3917774558067322,none,"The sections discuss resource allocation, multicast, and transport services, but do not explain replication and partitioning as control-plane distribution modes or their associated drawbacks."
q_94af3f66,Name the two modes of control plane distribution and name one downside for each of them. ,2,4.3,Multicast,0.37249046564102173,none,"The sections discuss resource allocation, multicast, and transport services, but do not explain replication and partitioning as control-plane distribution modes or their associated drawbacks."
q_94af3f66,Name the two modes of control plane distribution and name one downside for each of them. ,3,5-problem-getting-processes-to-communicate,Problem: Getting Processes to Communicate,0.36318719387054443,none,"The sections discuss resource allocation, multicast, and transport services, but do not explain replication and partitioning as control-plane distribution modes or their associated drawbacks."
q_94af3f66,Name the two modes of control plane distribution and name one downside for each of them. ,4,6-problem-allocating-resources,Problem: Allocating Resources,0.3579259216785431,none,"The sections discuss resource allocation, multicast, and transport services, but do not explain replication and partitioning as control-plane distribution modes or their associated drawbacks."
q_94af3f66,Name the two modes of control plane distribution and name one downside for each of them. ,5,3-perspective-virtual-networks-all-the-way-down,Perspective: Virtual Networks All the Way Down,0.35643282532691956,none,"The sections discuss resource allocation, multicast, and transport services, but do not explain replication and partitioning as control-plane distribution modes or their associated drawbacks."
q_93c1d038,"In an SDN, switches maintain a pipeline of flow tables and a meter table. Summarize their respective functions in one sentence each. ",1,3.4,Routing,0.46893495321273804,partial,"Section 3.5 covers match–action forwarding pipelines and controller-installed forwarding rules, but the sections do not explain meter tables, their per-flow entries or statistics, or their role in QoS and rate limiting."
q_93c1d038,"In an SDN, switches maintain a pipeline of flow tables and a meter table. Summarize their respective functions in one sentence each. ",2,3.1,Switching Basics,0.3707473874092102,partial,"Section 3.5 covers match–action forwarding pipelines and controller-installed forwarding rules, but the sections do not explain meter tables, their per-flow entries or statistics, or their role in QoS and rate limiting."
q_93c1d038,"In an SDN, switches maintain a pipeline of flow tables and a meter table. Summarize their respective functions in one sentence each. ",3,3.5,Implementation,0.36913958191871643,partial,"Section 3.5 covers match–action forwarding pipelines and controller-installed forwarding rules, but the sections do not explain meter tables, their per-flow entries or statistics, or their role in QoS and rate limiting."
q_93c1d038,"In an SDN, switches maintain a pipeline of flow tables and a meter table. Summarize their respective functions in one sentence each. ",4,5-problem-getting-processes-to-communicate,Problem: Getting Processes to Communicate,0.36488059163093567,partial,"Section 3.5 covers match–action forwarding pipelines and controller-installed forwarding rules, but the sections do not explain meter tables, their per-flow entries or statistics, or their role in QoS and rate limiting."
q_93c1d038,"In an SDN, switches maintain a pipeline of flow tables and a meter table. Summarize their respective functions in one sentence each. ",5,6.1,Issues in Resource Allocation,0.3434862792491913,partial,"Section 3.5 covers match–action forwarding pipelines and controller-installed forwarding rules, but the sections do not explain meter tables, their per-flow entries or statistics, or their role in QoS and rate limiting."
q_ff8803c1,"What are the benefits and drawbacks of SDN compared to traditional networking,where each switch/router has to manage forwarding and routing on its own? Describe two benefits and two drawbacks in 1-2 sentences each. ",1,3.5,Implementation,0.593742311000824,partial,"Section 3.5.3 covers control/data-plane separation, global optimization, programmability, and adoption/skills challenges, but does not explain faster routing convergence, controller bottlenecks, controller synchronization and CAP tradeoffs, or the reference answer’s security and cost/ROI claims."
q_ff8803c1,"What are the benefits and drawbacks of SDN compared to traditional networking,where each switch/router has to manage forwarding and routing on its own? Describe two benefits and two drawbacks in 1-2 sentences each. ",2,9.4,Overlay Networks,0.5089750289916992,partial,"Section 3.5.3 covers control/data-plane separation, global optimization, programmability, and adoption/skills challenges, but does not explain faster routing convergence, controller bottlenecks, controller synchronization and CAP tradeoffs, or the reference answer’s security and cost/ROI claims."
q_ff8803c1,"What are the benefits and drawbacks of SDN compared to traditional networking,where each switch/router has to manage forwarding and routing on its own? Describe two benefits and two drawbacks in 1-2 sentences each. ",3,4-problem-scaling-to-billions,Problem: Scaling to Billions,0.4858069121837616,partial,"Section 3.5.3 covers control/data-plane separation, global optimization, programmability, and adoption/skills challenges, but does not explain faster routing convergence, controller bottlenecks, controller synchronization and CAP tradeoffs, or the reference answer’s security and cost/ROI claims."
q_ff8803c1,"What are the benefits and drawbacks of SDN compared to traditional networking,where each switch/router has to manage forwarding and routing on its own? Describe two benefits and two drawbacks in 1-2 sentences each. ",4,9-perspective-the-cloud-is-the-new-internet,Perspective: The Cloud is the New Internet,0.4692463278770447,partial,"Section 3.5.3 covers control/data-plane separation, global optimization, programmability, and adoption/skills challenges, but does not explain faster routing convergence, controller bottlenecks, controller synchronization and CAP tradeoffs, or the reference answer’s security and cost/ROI claims."
q_ff8803c1,"What are the benefits and drawbacks of SDN compared to traditional networking,where each switch/router has to manage forwarding and routing on its own? Describe two benefits and two drawbacks in 1-2 sentences each. ",5,9-problem-applications-need-their-own-protocols,Problem: Applications Need Their Own Protocols,0.4629392921924591,partial,"Section 3.5.3 covers control/data-plane separation, global optimization, programmability, and adoption/skills challenges, but does not explain faster routing convergence, controller bottlenecks, controller synchronization and CAP tradeoffs, or the reference answer’s security and cost/ROI claims."
q_db94ecc7,"Software-defined Networking (SDN) introduces separate control and data planes to manage network flows. Please explain the responsibilities of each plane in 1-2 sentences. Further, name two tasks the SDN controller takes care of. ",1,6.1,Issues in Resource Allocation,0.4984573721885681,none,"The sections discuss general network architecture, resource allocation, and overlays, but do not explain SDN control/data-plane separation, controller-programmed flow-table forwarding, or SDN controller tasks."
q_db94ecc7,"Software-defined Networking (SDN) introduces separate control and data planes to manage network flows. Please explain the responsibilities of each plane in 1-2 sentences. Further, name two tasks the SDN controller takes care of. ",2,1.3,Architecture,0.4969010353088379,none,"The sections discuss general network architecture, resource allocation, and overlays, but do not explain SDN control/data-plane separation, controller-programmed flow-table forwarding, or SDN controller tasks."
q_db94ecc7,"Software-defined Networking (SDN) introduces separate control and data planes to manage network flows. Please explain the responsibilities of each plane in 1-2 sentences. Further, name two tasks the SDN controller takes care of. ",3,9.4,Overlay Networks,0.486228346824646,none,"The sections discuss general network architecture, resource allocation, and overlays, but do not explain SDN control/data-plane separation, controller-programmed flow-table forwarding, or SDN controller tasks."
q_db94ecc7,"Software-defined Networking (SDN) introduces separate control and data planes to manage network flows. Please explain the responsibilities of each plane in 1-2 sentences. Further, name two tasks the SDN controller takes care of. ",4,5-problem-getting-processes-to-communicate,Problem: Getting Processes to Communicate,0.4803204834461212,none,"The sections discuss general network architecture, resource allocation, and overlays, but do not explain SDN control/data-plane separation, controller-programmed flow-table forwarding, or SDN controller tasks."
q_db94ecc7,"Software-defined Networking (SDN) introduces separate control and data planes to manage network flows. Please explain the responsibilities of each plane in 1-2 sentences. Further, name two tasks the SDN controller takes care of. ",5,3.4,Routing,0.46690526604652405,none,"The sections discuss general network architecture, resource allocation, and overlays, but do not explain SDN control/data-plane separation, controller-programmed flow-table forwarding, or SDN controller tasks."
q_3aebf7c4,"Consider the following scenario: You are browsing the web for a very specific and important piece of information. However, you are not quite sure how to find it and adopt an iterative process of refining your query after every search, depending on the shown results and a skim of the first few websites. Is it better to use a connection-oriented or connectionless service for your communication in this scenario? Explain your answer in 1-4 sentences.",1,2-problem-connecting-to-a-network,Problem: Connecting to a Network,0.43178853392601013,partial,"Section 1.4 explains that TCP requires connection establishment before data transfer, but the sections do not explain connectionless service or the setup/teardown overhead that favors it for short exchanges with many websites."
q_3aebf7c4,"Consider the following scenario: You are browsing the web for a very specific and important piece of information. However, you are not quite sure how to find it and adopt an iterative process of refining your query after every search, depending on the shown results and a skim of the first few websites. Is it better to use a connection-oriented or connectionless service for your communication in this scenario? Explain your answer in 1-4 sentences.",2,2.1,Technology Landscape,0.41826003789901733,partial,"Section 1.4 explains that TCP requires connection establishment before data transfer, but the sections do not explain connectionless service or the setup/teardown overhead that favors it for short exchanges with many websites."
q_3aebf7c4,"Consider the following scenario: You are browsing the web for a very specific and important piece of information. However, you are not quite sure how to find it and adopt an iterative process of refining your query after every search, depending on the shown results and a skim of the first few websites. Is it better to use a connection-oriented or connectionless service for your communication in this scenario? Explain your answer in 1-4 sentences.",3,1.4,Software,0.4145638346672058,partial,"Section 1.4 explains that TCP requires connection establishment before data transfer, but the sections do not explain connectionless service or the setup/teardown overhead that favors it for short exchanges with many websites."
q_3aebf7c4,"Consider the following scenario: You are browsing the web for a very specific and important piece of information. However, you are not quite sure how to find it and adopt an iterative process of refining your query after every search, depending on the shown results and a skim of the first few websites. Is it better to use a connection-oriented or connectionless service for your communication in this scenario? Explain your answer in 1-4 sentences.",4,5.2,Reliable Byte Stream (TCP),0.3997534215450287,partial,"Section 1.4 explains that TCP requires connection establishment before data transfer, but the sections do not explain connectionless service or the setup/teardown overhead that favors it for short exchanges with many websites."
q_3aebf7c4,"Consider the following scenario: You are browsing the web for a very specific and important piece of information. However, you are not quite sure how to find it and adopt an iterative process of refining your query after every search, depending on the shown results and a skim of the first few websites. Is it better to use a connection-oriented or connectionless service for your communication in this scenario? Explain your answer in 1-4 sentences.",5,4.1,Global Internet,0.3682916760444641,partial,"Section 1.4 explains that TCP requires connection establishment before data transfer, but the sections do not explain connectionless service or the setup/teardown overhead that favors it for short exchanges with many websites."
