pair_id,concept_a,concept_b,evidence_section_id,evidence_text,true_relation_exists,relation_if_yes,direction_if_yes,evidence_supported,notes
PQ001,node,last mile,1.2,"It is always the case that multiple-access links are limited in size, in terms of both the geographical distance they can cover and the number of nodes they can connect. For this reason, they often implement the so-called last mile, connecting end users to the rest of the network.",,,,,
PQ002,local area network,destination,3.2,"Since the goal of a switch is to transparently extend a LAN across multiple networks, and since most LANs support both broadcast and multicast, then switches must also support these two features. Broadcast is simple—each switch forwards a frame with a destination broadcast address out on each active (selected) port other than the one on which the frame was received.",,,,,
PQ003,network designer,connection,1.2,"Let’s consider how these three stakeholders might list their requirements for a network:

-  An application programmer would list the services that his or her application needs: for example, a guarantee that each message the application sends will be delivered without error within a certain amount of time or the ability to switch gracefully among different connections to the network as the user moves around. [...] -  A network designer would list the properties of a cost-effective design: for example, that network resources are efficiently utilized and fairly allocated to different users.",,,,,
PQ004,runt frame,collision,2.6,"One way that an adaptor will send only 96 bits—which is sometimes called a runt frame—is if the two hosts are close to each other. Had the two hosts been farther apart, they would have had to transmit longer, and thus send more bits, before detecting the collision.",,,,,
PQ005,main memory,router,3.5,"The first problem is that performance is limited by the fact that all packets must pass into and out of main memory. Your mileage will vary based on how much you are willing to pay for hardware, but as an example, a machine limited by a 1333-MHz, 64-bit-wide memory bus can transmit data at a peak rate of a little over 100 Gbps—enough to build a switch with a handful of 10-Gbps Ethernet ports, but hardly enough for a high-end router in the core of the Internet.",,,,,
PQ006,message,padding,2.5,This routine translates the C structure that holds the SWP header (state->hdr) into a byte string that can be safely attached to the front of the message (hbuf). This routine (not shown) must translate each integer field in the header into network byte order and remove any padding that the compiler has added to the C structure.,,,,,
PQ007,signal,application,2.7,"One idea that shows up a lot when spectrum is shared among many devices and applications is spread spectrum. The idea behind spread spectrum is to spread the signal over a wider frequency band, so as to minimize the impact of interference from other devices.",,,,,
PQ008,switch,preferred path,3.2,"Next, each switch computes the shortest path to the root and notes which of its ports is on this path. This port is also selected as the switch’s preferred path to the root.",,,,,
PQ009,802.11a,frequency hopping,2.7,"The original 802.11 standard defined two radio-based physical layers standards, one using frequency hopping (over 79 1-MHz-wide frequency bandwidths) and the other using direct sequence spread spectrum (with an 11-bit chipping sequence). [...] Then came 802.11a, which delivered up to 54 Mbps using a variant of frequency division multiplexing called orthogonal frequency division multiplexing (OFDM).",,,,,
PQ010,fiber-to-the-home,device,2-perspective-race-to-the-edge,"The fiber-to-the-home and cellular networks described in Section 2.8 are currently constructed from complex hardware appliances (e.g., OLTs, BNGs, BBUs, EPCs). Not only have these devices historically been closed and proprietary, but the vendors that sell them have typically bundled a broad and diverse collection of functionality in each.",,,,,
PQ011,Broadband Network Gateway,switch,2-perspective-race-to-the-edge,"The fiber-to-the-home and cellular networks described in Section 2.8 are currently constructed from complex hardware appliances (e.g., OLTs, BNGs, BBUs, EPCs). [...] In response, network operators are actively transitioning from these purpose-built appliances to open software running on commodity servers, switches, and access devices.",,,,,
PQ012,encoding problem,high-speed link,2.3,"Also, SONET addresses both the framing problem and the encoding problem. It also addresses a problem that is very important for phone companies—the multiplexing of several low-speed links onto one high-speed link.",,,,,
PQ013,access-edge,cloudification,2-perspective-race-to-the-edge,"In short, the access network has historically been the purview of the Telcos, CableCos, and the vendors that sell them proprietary boxes, but the softwarization and virtualization of the access network opens the door for anyone (from smart cities to underserved rural areas to apartment complexes to manufacturing plants) to establish an access-edge cloud and connect it to the public Internet. [...] Doing so not only brings the access-edge into new (edgier) environments, but also has the potential to open the access network to developers that instinctively go where there are opportunities to innovate.",,,,,
PQ014,destination,service model,3.3,"This service model is sometimes called best effort because, although IP makes every effort to deliver datagrams, it makes no guarantees. [...] The “best-effort” part means that if something goes wrong and the packet gets lost, corrupted, misdelivered, or in any way fails to reach its intended destination, the network does nothing—it made its best effort, and that is all it has to do.",,,,,
PQ015,signal,standard,2.7,"It is worth noting that while all the 802.11 standards define a maximum bit rate that can be supported, they mostly support lower bit rates as well (e.g., 802.11a allows for bit rates of 6, 9, 12, 18, 24, 36, 48, and 54 Mbps). At lower bit rates, it is easier to decode transmitted signals in the presence of noise.",,,,,
PQ016,packet,unreliable service,3.3,"The “best-effort” part means that if something goes wrong and the packet gets lost, corrupted, misdelivered, or in any way fails to reach its intended destination, the network does nothing—it made its best effort, and that is all it has to do. [...] This is sometimes called an unreliable service.",,,,,
PQ017,SourceAddr,source address,3.3,The last two required fields in the header are the SourceAddr and the DestinationAddr for the packet. [...] The source address is required to allow recipients to decide if they want to accept the packet and to enable them to reply.,,,,,
PQ018,deliverSWP,semWait,2.5,"Each time the sender transmits a frame, the semWait operation decrements this count and blocks the sender should the count go to 0. Each time an ACK is received, the semSignal operation invoked in deliverSWP (see below) increments this count, thus unblocking any waiting sender.",,,,,
PQ019,updateTable,MAC address,3.2,The routine that updates the forwarding table when a new packet arrives is given by updateTable. The arguments passed are the source media access control (MAC) address contained in the packet and the interface number on which it was received.,,,,,
PQ020,purpose-built appliance,fiber-to-the-home,2-perspective-race-to-the-edge,"The fiber-to-the-home and cellular networks described in Section 2.8 are currently constructed from complex hardware appliances (e.g., OLTs, BNGs, BBUs, EPCs). [...] In response, network operators are actively transitioning from these purpose-built appliances to open software running on commodity servers, switches, and access devices.",,,,,
PQ021,main loop,Linux,1.4,"It calls the Linux utility to translate this name into the remote host’s IP address. [...] Once the operation returns, the connection is established and the client program enters its main loop, which reads text from standard input and sends it over the socket.",,,,,
PQ022,ARPANET,network resource,3.4,"(Keep in mind, we’re talking about the ARPANET circa 1975.) This means that the routing algorithm would choose a path with 126 hops of lightly loaded 56-kbps links in preference to a 1-hop 9.6-kbps path. [...] Using 126 hops when 1 hop will do is in general a bad use of network resources.",,,,,
PQ023,channel,host-to-host connectivity,1.2,"Also note that independent of exactly what functionality a given channel provides, there is the question of where that functionality is implemented. In many cases, it is easiest to view the host-to-host connectivity of the underlying network as simply providing a bit pipe, with any high-level communication semantics provided at the end hosts.",,,,,
PQ024,multiplexing,bandwidth,2.7,"The original 802.11 standard defined two radio-based physical layers standards, one using frequency hopping (over 79 1-MHz-wide frequency bandwidths) and the other using direct sequence spread spectrum (with an 11-bit chipping sequence). [...] Then came 802.11a, which delivered up to 54 Mbps using a variant of frequency division multiplexing called orthogonal frequency division multiplexing (OFDM).",,,,,
PQ025,delay,shortest path,3.4,"For example, if we had a link in our network that was very good for delay-sensitive traffic, we could give it a low metric for the TOS value representing low delay and a high metric for everything else. OSPF would then pick a different shortest path for those packets that had their TOS field set to that value.",,,,,
PQ026,availability,cloud,3.5,"For example, it could run in a cloud. This is important for both scalability and availability, where the key is that the two planes are configured and scaled independent of each other.",,,,,
PQ027,port,reserved bit,3-perspective-virtual-networks-all-the-way-down,"It includes a 24-bit Virtual Network Id (VNI), plus some flag and reserved bits. It also implies a particular setting of the UDP source and destination port fields (see Section 5.1), with the destination port 4789 officially reserved for VXLANs.",,,,,
PQ028,ARPANET,sequence number,2.5,"The idea underlying the ARPANET protocol, which we refer to as concurrent logical channels, is to multiplex several logical channels onto a single point-to-point link and to run the stop-and-wait algorithm on each of these logical channels. [...] More precisely, the sender keeps 3 bits of state for each channel: a boolean, saying whether the channel is currently busy; the 1-bit sequence number to use the next time a frame is sent on this logical channel; and the next sequence number to expect on a frame that arrives on this channel.",,,,,
PQ029,operating system,data link layer,1.3,"The data link layer then collects a stream of bits into a larger aggregate called a frame. Network adaptors, along with device drivers running in the node’s operating system, typically implement the data link level.",,,,,
PQ030,hardware switch,Internet,3.5,"One consequence of this design that isn’t immediately obvious is that a logically centralized control plane doesn’t just manage a network of physical (hardware) switches that interconnects physical servers, but it also manages a network of virtual (software) switches that interconnect virtual servers (e.g., Virtual Machines and containers). If you’re counting “switch ports” (a good measure of all the devices connected to your network) then the number of virtual ports in the Internet rocketed past the number of physical ports in 2012.",,,,,
PQ031,Ethernet,application program,1.3,"Above IP there can be arbitrarily many transport protocols, each offering a different channel abstraction to application programs. [...] Below IP, the architecture allows for arbitrarily many different network technologies, ranging from Ethernet to wireless to single point-to-point links.",,,,,
PQ032,cloud provider,P4,3.5,"(The P4 language mentioned in the previous subsection is a second-generation attempt to define this interface by generalizing OpenFlow.)

Another important aspect of disaggregation is that a logically centralized control plane can be used to control a distributed network data plane. [...] This idea took off quickly in the cloud, where today’s cloud providers run SDN-based solutions both within their datacenters and across the backbone networks that interconnect their datacenters.",,,,,
PQ033,device,hardware appliance,2-perspective-race-to-the-edge,"The fiber-to-the-home and cellular networks described in Section 2.8 are currently constructed from complex hardware appliances (e.g., OLTs, BNGs, BBUs, EPCs). Not only have these devices historically been closed and proprietary, but the vendors that sell them have typically bundled a broad and diverse collection of functionality in each.",,,,,
PQ034,transceiver module,SFP+,3.5,"In particular, it is now possible to buy pluggable transceiver modules that take care of all the media access details—be it Gigabit Ethernet, 10-Gigabit Ethernet, or SONET—as well as the optics. These transceivers all conform to standardized form factors, such as SFP+, that can in turn be connected to other components over a standardized bus (e.g., SFI).",,,,,
PQ035,msgAddHdr,C,2.5,One detail worth noting is the call to store_swp_hdr just before the call to msgAddHdr. This routine translates the C structure that holds the SWP header (state->hdr) into a byte string that can be safely attached to the front of the message (hbuf).,,,,,
PQ036,switching,request/reply protocol,1.3,"This same idea applies up and down the protocol graph, not just to switching nodes. In Figure, for example, we can think of RRP as implementing a logical communication channel, with messages from two different applications multiplexed over this channel at the source host and then demultiplexed back to the appropriate application at the destination host.",,,,,
PQ037,network address,Linux,1.4,It calls the Linux utility to translate this name into the remote host’s IP address. The next step is to construct the address data structure (sin) expected by the socket interface.,,,,,
PQ038,TOS field,traffic,3.4,"For example, if we had a link in our network that was very good for delay-sensitive traffic, we could give it a low metric for the TOS value representing low delay and a high metric for everything else. OSPF would then pick a different shortest path for those packets that had their TOS field set to that value.",,,,,
PQ039,Optical Network Unit,Central Office,2.8,"Figure shows an example PON, simplified to depict just one ONU and one OLT. In practice, a Central Office would include multiple OLTs connecting to thousands of customer homes.",,,,,
PQ040,network address,virtual interface,3.3,Suppose R1 receives a packet from network 1 that contains an address in network 2. The forwarding table says this packet should be sent out virtual interface 0.,,,,,
PQ041,commodity server,innovation,2-perspective-race-to-the-edge,"In response, network operators are actively transitioning from these purpose-built appliances to open software running on commodity servers, switches, and access devices. [...] The motivation for operators to do this is in part to benefit from the cost savings that come from replacing purpose-built appliances with commodity hardware, but it is mostly driven by the need to accelerate the pace of innovation.",,,,,
PQ042,tenant,internal group,3-perspective-virtual-networks-all-the-way-down,"VLANs proved to be quite useful to enterprises that wanted to isolate different internal groups (e.g., departments, labs), giving each of them the appearance of having their own private LAN. VLANs were also seen as a promising way to virtualize L2 networks in cloud datacenters, making it possible to give each tenant their own L2 network so as to isolate their traffic from the traffic of all other tenants.",,,,,
PQ043,mobile device,wireless network,2.8,"In the case of the cellular network, the base stations are often called Broadband Base Units (BBU), the mobile devices that connect to them are usually referred to as User Equipment (UE), and the set of BBUs are anchored at an Evolved Packet Core (EPC) hosted in a Central Office. The wireless network served by the EPC is often called a Radio Access Network (RAN).",,,,,
PQ044,sender,Manchester encoding,2.2,"One approach that addresses this problem, called non-return to zero inverted (NRZI), has the sender make a transition from the current signal to encode a 1 and stay at the current signal to encode a 0. [...] An alternative, called Manchester encoding, does a more explicit job of merging the clock with the signal by transmitting the exclusive OR of the NRZ-encoded data and the clock.",,,,,
PQ045,routing,internetwork,3.3,"In this section, we explore some ways to go beyond the limitations of bridged networks, enabling us to build large, highly heterogeneous networks with reasonably efficient routing. We refer to such networks as internetworks.",,,,,
PQ046,exposed node problem,C,2.7,"A related problem, called the exposed node problem, occurs under the circumstances illustrated in Figure, where each of the four nodes is able to send and receive signals that reach just the nodes to its immediate left and right. For example, B can exchange frames with A and C but it cannot reach D, while C can reach B and D but not A.",,,,,
PQ047,host-to-host connectivity,device,1.2,"In many cases, it is easiest to view the host-to-host connectivity of the underlying network as simply providing a bit pipe, with any high-level communication semantics provided at the end hosts. [...] The alternative is to push additional functionality onto the switches, thereby allowing the end hosts to be “dumb” devices (e.g., telephone handsets).",,,,,
PQ048,class D address,host part,3.3,"Originally, IP addresses were divided into three different classes, as shown in Figure, each of which defines different-sized network and host parts. (There are also class D addresses that specify a multicast group and class E addresses that are currently unused.) In all cases, the address is 32 bits long.",,,,,
PQ049,virtual circuit,queue,3.1,"Buffers are allocated to each virtual circuit when the circuit is initialized. [...] In doing these three things, each node is ensured of having the buffers it needs to queue the packets that arrive on that circuit.",,,,,
PQ050,detection,Wi-Fi,2-problem-connecting-to-a-network,"Although these five issues—encoding, framing, error detection, reliable delivery, and access mediation—can be discussed in the abstract, they are very real problems that are addressed in different ways by different networking technologies. This chapter considers these issues in the context of specific network technologies: point-to-point fiber links (for which SONET is the prevalent example); Carrier Sense Multiple Access (CSMA) networks (of which classical Ethernet and Wi-Fi are the most famous examples); fiber-to-the home (for which PON is the dominant standard); and mobile wireless (where 4G is rapidly morphing into 5G).",,,,,
PQ051,scanning,Probe frame,2.7,"The technique for selecting an AP is called scanning and involves the following four steps:

1. The node sends a Probe frame.",,,,,
PQ052,in flight,channel,1.5,"If the sender is expecting the receiver to somehow signal that bits are starting to arrive, and it takes another channel latency for this signal to propagate back to the sender, then the sender can send up one RTT × bandwidth worth of data before hearing from the receiver that all is well. The bits in the pipe are said to be “in flight,” which means that if the receiver tells the sender to stop transmitting it might receive up to one RTT × bandwidth’s worth of data before the sender manages to respond.",,,,,
PQ053,coaxial cable TV link,synchronous time-division multiplexing,1.2,"The idea of FDM is to transmit each flow over the physical link at a different frequency, much the same way that the signals for different TV stations are transmitted at a different frequency over the airwaves or on a coaxial cable TV link. Although simple to understand, both STDM and FDM are limited in two ways.",,,,,
PQ054,logical channel,link-level protocol,2.5,"2.5.3 Concurrent Logical Channels

The data link protocol used in the original ARPANET provides an interesting alternative to the sliding window protocol, in that it is able to keep the pipe full while still using the simple stop-and-wait algorithm. [...] The idea underlying the ARPANET protocol, which we refer to as concurrent logical channels, is to multiplex several logical channels onto a single point-to-point link and to run the stop-and-wait algorithm on each of these logical channels.",,,,,
PQ055,device,network designer,1.2,"-  A network operator would list the characteristics of a system that is easy to administer and manage: for example, in which faults can be easily isolated, new devices can be added to the network and configured correctly, and it is easy to account for usage. -  A network designer would list the properties of a cost-effective design: for example, that network resources are efficiently utilized and fairly allocated to different users.",,,,,
PQ056,backbone,routing,3.3,"If a single site has, say, 16 class C network numbers assigned to it, that means every Internet backbone router needs 16 entries in its routing tables to direct packets to that site. [...] If we had assigned a class B address to the site, the same routing information could be stored in one table entry.",,,,,
PQ057,destination,802.11 Wi-Fi standard,3.3,"Assuming that the MTU is 1500 bytes for the two Ethernets and the 802.11 network, and 532 bytes for the point-to-point network, then a 1420-byte datagram (20-byte IP header plus 1400 bytes of data) sent from H5 makes it across the 802.11 network and the first Ethernet without fragmentation but must be fragmented into three datagrams at router R2. These three fragments are then forwarded by router R3 across the second Ethernet to the destination host.",,,,,
PQ058,data link level,raw bit,1.3,"Network adaptors, along with device drivers running in the node’s operating system, typically implement the data link level. This means that frames, not raw bits, are actually delivered to hosts.",,,,,
PQ059,instructions per mile,instructions per second,1.5,"As an aside, computers are becoming so fast that when we connect them to networks, it is sometimes useful to think, at least figuratively, in terms of instructions per mile. Consider what happens when a computer that is able to execute 100 billion instructions per second sends a message out on a channel with a 100-ms RTT.",,,,,
PQ060,feature velocity,engineering team,1-perspective-feature-velocity,"But if we again look to the cloud for inspiration, we see that develop-and-operate isn’t true just at the company level, but it is also how the fastest moving cloud companies organize their engineering teams: around the DevOps model. (If you are unfamiliar with DevOps, we recommend you read Site Reliability Engineering: How Google Runs Production Systems to see how it is practiced.)

What this all means is that computer networks are now in the midst of a major transformation, with network operators trying to simultaneously accelerate the pace of innovation (sometimes known as feature velocity) and yet continue to offer a reliable service (preserve stability).",,,,,
PQ061,connection,computer network,1.2,"If computer networks were limited to situations in which all nodes are directly connected to each other over a common physical medium, then either networks would be very limited in the number of computers they could connect, or the number of wires coming out of the back of each node would quickly become both unmanageable and very expensive. Fortunately, connectivity between two nodes does not necessarily imply a direct physical connection between them—indirect connectivity may be achieved among a set of cooperating nodes.",,,,,
PQ062,direct sequence,802.11a,2.7,"The original 802.11 standard defined two radio-based physical layers standards, one using frequency hopping (over 79 1-MHz-wide frequency bandwidths) and the other using direct sequence spread spectrum (with an 11-bit chipping sequence). [...] Then came 802.11a, which delivered up to 54 Mbps using a variant of frequency division multiplexing called orthogonal frequency division multiplexing (OFDM).",,,,,
PQ063,disaggregation,standard,3.5,"The key enabling idea behind SDN was to take this decoupling a step further, and to define a standard interface between the control plane and the data plane. [...] The original interface is called OpenFlow, and this idea of decoupling the control and data planes came to be known as disaggregation.",,,,,
PQ064,host,device driver,1.3,"Network adaptors, along with device drivers running in the node’s operating system, typically implement the data link level. This means that frames, not raw bits, are actually delivered to hosts.",,,,,
PQ065,queue,data,1.5,"So, we could define the total latency as

where Distance is the length of the wire over which the data will travel, SpeedOfLight is the effective speed of light over that wire, Size is the size of the packet, and Bandwidth is the bandwidth at which the packet is transmitted. Note that if the message contains only one bit and we are talking about a single link (as opposed to a whole network), then the Transmit and Queue terms are not relevant, and latency corresponds to the propagation delay only.",,,,,
PQ066,detection,standard,2-problem-connecting-to-a-network,"Although these five issues—encoding, framing, error detection, reliable delivery, and access mediation—can be discussed in the abstract, they are very real problems that are addressed in different ways by different networking technologies. This chapter considers these issues in the context of specific network technologies: point-to-point fiber links (for which SONET is the prevalent example); Carrier Sense Multiple Access (CSMA) networks (of which classical Ethernet and Wi-Fi are the most famous examples); fiber-to-the home (for which PON is the dominant standard); and mobile wireless (where 4G is rapidly morphing into 5G).",,,,,
PQ067,IP address,job,3.3,"Note that DHCP may also introduce some more complexity into network management, since it makes the binding between physical hosts and IP addresses much more dynamic. This may make the network manager’s job more difficult if, for example, it becomes necessary to locate a malfunctioning host.",,,,,
PQ068,collision,line,2.6,"Suppose an instant before host A’s frame arrives (i.e., B still sees an idle line), host B begins to transmit its own frame. B’s frame will immediately collide with A’s frame, and this collision will be detected by host B (c).",,,,,
PQ069,encoding,network technology,2-problem-connecting-to-a-network,"Although these five issues—encoding, framing, error detection, reliable delivery, and access mediation—can be discussed in the abstract, they are very real problems that are addressed in different ways by different networking technologies. This chapter considers these issues in the context of specific network technologies: point-to-point fiber links (for which SONET is the prevalent example); Carrier Sense Multiple Access (CSMA) networks (of which classical Ethernet and Wi-Fi are the most famous examples); fiber-to-the home (for which PON is the dominant standard); and mobile wireless (where 4G is rapidly morphing into 5G).",,,,,
PQ070,web browser,layer,1.3,"Skipping ahead to the top (seventh) layer and working our way back down, we find the application layer. Application layer protocols include things like the Hypertext Transfer Protocol (HTTP), which is the basis of the World Wide Web and is what enables web browsers to request pages from web servers.",,,,,
PQ071,preamble,header,2.6,"Note that from the host’s perspective, an Ethernet frame has a 14-byte header: two 6-byte addresses and a 2-byte type field. The sending adaptor attaches the preamble and CRC before transmitting, and the receiving adaptor removes them.",,,,,
PQ072,store-and-forward,path,3.5,"The path for a typical packet that arrives on, say, NIC 1 and is forwarded out on NIC 2 is straightforward: as NIC 1 receives the packet it copies its bytes directly into the main memory over the I/O bus (PCIe in this example) using a technique called direct memory access (DMA). [...] The important take-away is that the packet is buffered in main memory (this is the “store” half of store-and-forward), with the CPU reading only the necessary header fields into its internal registers for processing.",,,,,
PQ073,cloud provider,virtual machine,3.5,"This idea took off quickly in the cloud, where today’s cloud providers run SDN-based solutions both within their datacenters and across the backbone networks that interconnect their datacenters. One consequence of this design that isn’t immediately obvious is that a logically centralized control plane doesn’t just manage a network of physical (hardware) switches that interconnects physical servers, but it also manages a network of virtual (software) switches that interconnect virtual servers (e.g., Virtual Machines and containers).",,,,,
PQ074,encapsulation,data,1.3,"We say that the application’s data is encapsulated in the new message created by RRP. This process of encapsulation is then repeated at each level of the protocol graph; for example, HHP encapsulates RRP’s message by attaching a header of its own.",,,,,
PQ075,message,wireless link,2-problem-connecting-to-a-network,"Second is the matter of delineating the sequence of bits transmitted over the link into complete messages that can be delivered to the end node. [...] Finally, in those cases where the link is shared by multiple hosts—as is often the case with wireless links, for example—it is necessary to mediate access to this link.",,,,,
PQ076,Internet,programming platform,1.1,"There is the group of people who create the applications—a group that has greatly expanded in recent years as powerful programming platforms and new devices such as smartphones have created new opportunities to develop applications quickly and to bring them to a large market. [...] Finally, there are those who design and build the devices and protocols that collectively make up the Internet.",,,,,
PQ077,nonvolatile storage,static approach,3.4,"For a simple network like the one in Figure, you could imagine just calculating all the shortest paths and loading them into some nonvolatile storage on each node. Such a static approach has several shortcomings:

-  It does not deal with node or link failures.",,,,,
PQ078,Open Systems Interconnection architecture,internetworking,1.3,"Most people who work actively in the networking field are familiar with both the Internet architecture and the 7-layer OSI architecture, and there is general agreement on how the layers map between architectures. The Internet’s application layer is considered to be at layer 7, its transport layer is layer 4, the IP (internetworking or just network) layer is layer 3, and the link or subnet layer below IP is layer 2.",,,,,
PQ079,C,destination,3.2,"In our example switched network, suppose that a packet enters switch S4 from Host C and that the destination address is one not yet in any switch's forwarding table: S4 sends a copy of the packet out its two other ports: to switches S1 and S6. [...] Switch S4 still doesn’t have this destination in its table, so it forwards the packet out its two other ports.",,,,,
PQ080,LCP identifier,optical receiver,2.3,"PPP and LCP work in tandem: LCP sends control messages encapsulated in PPP frames—such messages are denoted by an LCP identifier in the PPP (Protocol) field—and then turns around and changes PPP’s frame format based on the information contained in those control messages. LCP is also involved in establishing a link between two peers when both sides detect that communication over the link is possible (e.g., when each optical receiver detects an incoming signal from the fiber to which it connects).",,,,,
PQ081,service,round-robin,2.8,"In other words, the single OLT is responsible for centrally implementing the round-robin sharing of the shared PON. This includes the possibility that the OLT can grant each ONU a different share of time, effectively implementing different levels of service.",,,,,
PQ082,effective communication service,distributed computing,1-problem-building-a-network,"Suppose you want to build a computer network, one that has the potential to grow to global proportions and to support applications as diverse as teleconferencing, video on demand, electronic commerce, distributed computing, and digital libraries. What available technologies would serve as the underlying building blocks, and what kind of software architecture would you design to integrate these building blocks into an effective communication service?",,,,,
PQ083,framing problem,high-speed link,2.3,"Also, SONET addresses both the framing problem and the encoding problem. It also addresses a problem that is very important for phone companies—the multiplexing of several low-speed links onto one high-speed link.",,,,,
PQ084,network designer,fault,1.2,"-  A network operator would list the characteristics of a system that is easy to administer and manage: for example, in which faults can be easily isolated, new devices can be added to the network and configured correctly, and it is easy to account for usage. -  A network designer would list the properties of a cost-effective design: for example, that network resources are efficiently utilized and fairly allocated to different users.",,,,,
PQ085,web server,application layer,1.3,"Skipping ahead to the top (seventh) layer and working our way back down, we find the application layer. Application layer protocols include things like the Hypertext Transfer Protocol (HTTP), which is the basis of the World Wide Web and is what enables web browsers to request pages from web servers.",,,,,
PQ086,error,transmission medium,2-problem-connecting-to-a-network,"The first is encoding bits onto the transmission medium so that they can be understood by a receiving node. [...] Third, because frames are sometimes corrupted during transmission, it is necessary to detect these errors and take the appropriate action; this is the error detection problem.",,,,,
PQ087,fault,error,1.2,"Let’s consider how these three stakeholders might list their requirements for a network:

-  An application programmer would list the services that his or her application needs: for example, a guarantee that each message the application sends will be delivered without error within a certain amount of time or the ability to switch gracefully among different connections to the network as the user moves around. -  A network operator would list the characteristics of a system that is easy to administer and manage: for example, in which faults can be easily isolated, new devices can be added to the network and configured correctly, and it is easy to account for usage.",,,,,
PQ088,transport protocol,Ethernet,1.3,"Above IP there can be arbitrarily many transport protocols, each offering a different channel abstraction to application programs. [...] Below IP, the architecture allows for arbitrarily many different network technologies, ranging from Ethernet to wireless to single point-to-point links.",,,,,
PQ089,sequence number,reliable flooding,3.4,"Reliable Flooding

Reliable flooding is the process of making sure that all the nodes participating in the routing protocol get a copy of the link-state information from all the other nodes. [...] More precisely, each node creates an update packet, also called a link-state packet (LSP), which contains the following information:

-  The ID of the node that created the LSP

-  A list of directly connected neighbors of that node, with the cost of the link to each one

-  A sequence number

-  A time to live for this packet

The first two items are needed to enable route calculation; the last two are used to make the process of flooding the packet to all nodes reliable.",,,,,
PQ090,feature velocity,DevOps model,1-perspective-feature-velocity,"But if we again look to the cloud for inspiration, we see that develop-and-operate isn’t true just at the company level, but it is also how the fastest moving cloud companies organize their engineering teams: around the DevOps model. (If you are unfamiliar with DevOps, we recommend you read Site Reliability Engineering: How Google Runs Production Systems to see how it is practiced.)

What this all means is that computer networks are now in the midst of a major transformation, with network operators trying to simultaneously accelerate the pace of innovation (sometimes known as feature velocity) and yet continue to offer a reliable service (preserve stability).",,,,,
PQ091,bit,area,2.8,"Figure depicts one possible configuration of the end-to-end scenario, with a few additional bits of detail. [...] We say “one possible configuration” because the cellular standards allow wide variability in how many S/PGWs a given MME is responsible for, making it possible for a single MME to manage mobility across a wide geographic area that is served by multiple Central Offices.",,,,,
PQ092,electronic commerce,software architecture,1-problem-building-a-network,"Suppose you want to build a computer network, one that has the potential to grow to global proportions and to support applications as diverse as teleconferencing, video on demand, electronic commerce, distributed computing, and digital libraries. What available technologies would serve as the underlying building blocks, and what kind of software architecture would you design to integrate these building blocks into an effective communication service?",,,,,
PQ093,error detection,SYN character,2.3,"(A similar problem exists with the sentinel-based approach if the ETX field becomes corrupted.) Should this happen, the receiver will accumulate as many bytes as the bad count field indicates and then use the error detection field to determine that the frame is bad. [...] The receiver will then wait until it sees the next SYN character to start collecting the bytes that make up the next frame.",,,,,
PQ094,Internet architecture,Transmission Control Protocol,1.3,"(These protocols in turn may actually involve several sublayers, but the Internet architecture does not presume anything about them.) The next layer consists of a single protocol—the Internet Protocol (IP). [...] The layer on top of IP contains two main protocols—the Transmission Control Protocol (TCP) and the User Datagram Protocol (UDP).",,,,,
PQ095,Internet Protocol,routing,3.3,"Another reason may be that R1 and R2 have some capabilities that are not widely available in the intervening networks, such as multicast routing. [...] A third reason to build tunnels is to carry packets from protocols other than IP across an IP network.",,,,,
PQ096,identifier,link state,3.4,"In a type 1 LSA, the Link state ID and the Advertising router field are identical. Each carries a 32-bit identifier for the router that created this LSA.",,,,,
PQ097,passive open,port,1.4,"It first constructs the address data structure by filling in its own port number (SERVER_PORT). [...] Next, the server performs the preliminary steps involved in a passive open; it creates the socket, binds it to the local address, and sets the maximum number of pending connections to be allowed.",,,,,
PQ098,high-bandwidth,wireless network,2.7,"In many wireless networks today we observe that there are two different classes of endpoints. One endpoint, sometimes described as the base station, usually has no mobility but has a wired (or at least high-bandwidth) connection to the Internet or other networks, as shown in Figure.",,,,,
PQ099,software,hardware appliance,2-perspective-race-to-the-edge,"The fiber-to-the-home and cellular networks described in Section 2.8 are currently constructed from complex hardware appliances (e.g., OLTs, BNGs, BBUs, EPCs). [...] In response, network operators are actively transitioning from these purpose-built appliances to open software running on commodity servers, switches, and access devices.",,,,,
PQ100,Association Request frame,transmission,2.7,"APs also periodically send a Beacon frame that advertises the capabilities of the access point; these include the transmission rates supported by the AP. This is called passive scanning, and a node can change to this AP based on the Beacon frame simply by sending an Association Request frame back to the access point.",,,,,
PQ101,standard,corporation,2.6,"Digital Equipment Corporation and Intel Corporation joined Xerox to define a 10-Mbps Ethernet standard in 1978. This standard then formed the basis for IEEE standard 802.3, which additionally defines a much wider collection of physical media over which an Ethernet can operate, including 100-Mbps, 1-Gbps, 10-Gbps, 40-Gbps, and 100-Gbps versions.",,,,,
PQ102,protocol graph,network,1.3,"Their architecture, called the Open Systems Interconnection (OSI) architecture and illustrated in Figure, defines a partitioning of network functionality into seven layers, where one or more protocols implement the functionality assigned to a given layer. In this sense, the schematic given in Figure is not a protocol graph, per se, but rather a reference model for a protocol graph.",,,,,
PQ103,destination,reserved bit,3-perspective-virtual-networks-all-the-way-down,"It includes a 24-bit Virtual Network Id (VNI), plus some flag and reserved bits. It also implies a particular setting of the UDP source and destination port fields (see Section 5.1), with the destination port 4789 officially reserved for VXLANs.",,,,,
PQ104,protocol graph,internetwork,3.3,"One way to think of IP is that it runs on all the nodes (both hosts and routers) in a collection of networks and defines the infrastructure that allows these nodes and networks to function as a single logical internetwork. For example, Figure shows how hosts H5 and H8 are logically connected by the internet in Figure, including the protocol graph running on each node.",,,,,
PQ105,abstraction,virtual LAN,3-perspective-virtual-networks-all-the-way-down,"That means that a virtual network should support all the basic abstractions of a physical network. [...] To this end, VLANs, as described in Section 3.2, are how we typically virtualize an L2 network.",,,,,
PQ106,Optical Network Unit,round-robin,2.8,"In other words, the single OLT is responsible for centrally implementing the round-robin sharing of the shared PON. This includes the possibility that the OLT can grant each ONU a different share of time, effectively implementing different levels of service.",,,,,
PQ107,WiFi router,network,2-perspective-race-to-the-edge,"In short, the access network has historically been the purview of the Telcos, CableCos, and the vendors that sell them proprietary boxes, but the softwarization and virtualization of the access network opens the door for anyone (from smart cities to underserved rural areas to apartment complexes to manufacturing plants) to establish an access-edge cloud and connect it to the public Internet. We expect it to become as easy to do this as it is today to deploy a WiFi router.",,,,,
PQ108,main memory,hardware,3.5,"The first problem is that performance is limited by the fact that all packets must pass into and out of main memory. Your mileage will vary based on how much you are willing to pay for hardware, but as an example, a machine limited by a 1333-MHz, 64-bit-wide memory bus can transmit data at a peak rate of a little over 100 Gbps—enough to build a switch with a handful of 10-Gbps Ethernet ports, but hardly enough for a high-end router in the core of the Internet.",,,,,
PQ109,buffer space,connection,3.1,"By comparison, a datagram network has no connection establishment phase, and each switch processes each packet independently, making it less obvious how a datagram network would allocate resources in a meaningful way. Instead, each arriving packet competes with all other packets for buffer space.",,,,,
PQ110,protocol graph,flow of data,1.3,"1.3.3 Multiplexing and Demultiplexing

Recall that a fundamental idea of packet switching is to multiplex multiple flows of data over a single physical link. This same idea applies up and down the protocol graph, not just to switching nodes.",,,,,
PQ111,network operator,Optical Line Terminal,2-perspective-race-to-the-edge,"The fiber-to-the-home and cellular networks described in Section 2.8 are currently constructed from complex hardware appliances (e.g., OLTs, BNGs, BBUs, EPCs). [...] In response, network operators are actively transitioning from these purpose-built appliances to open software running on commodity servers, switches, and access devices.",,,,,
PQ112,message body,power,3.1,"As it turns out, 48 bytes was picked for the ATM cell payload as a compromise. There were good arguments for both larger and smaller cells, and 48 made almost no one happy—a power of two would certainly have been better for computers to process.",,,,,
PQ113,device,automation,1.2,"Network management has historically been a human-intensive aspect of networking, and while it is unlikely we'll get people entirely out of the loop, it is increasingly being addressed by automation and self-healing designs. This requirement is partly related to the issue of scalability discussed above—as the Internet has scaled up to support billions of users and at least hundreds of millions of hosts, the challenges of keeping the whole thing running correctly and correctly configuring new devices as they are added have become increasingly problematic.",,,,,
PQ114,global network,point-to-point link,3-problem-not-all-networks-are-directly-connected,"A single Ethernet can interconnect no more than 1024 hosts; a point-to-point link connects only two. [...] To build a global network, we need a way to interconnect these different types of links and multi-access networks.",,,,,
PQ115,packet,statistical multiplexing,1.2,"To account for this need, statistical multiplexing defines an upper bound on the size of the block of data that each flow is permitted to transmit at a given time. This limited-size block of data is typically referred to as a packet, to distinguish it from the arbitrarily large message that an application program might want to transmit.",,,,,
PQ116,wireless network,backbone,2.1,"Most consumers interact with the Internet either through wireless networks (which they encounter in coffee shops, airports, universities, etc.) or through so-called last-mile links (or alternatively, access networks) provided by an ISP, as illustrated in Figure. [...] Finally, in addition to last-mile, backbone, and mobile links, there are the links that you find inside a building or a campus—generally referred to as local area networks (LANs).",,,,,
PQ117,access mediation,network technology,2-problem-connecting-to-a-network,"Although these five issues—encoding, framing, error detection, reliable delivery, and access mediation—can be discussed in the abstract, they are very real problems that are addressed in different ways by different networking technologies. This chapter considers these issues in the context of specific network technologies: point-to-point fiber links (for which SONET is the prevalent example); Carrier Sense Multiple Access (CSMA) networks (of which classical Ethernet and Wi-Fi are the most famous examples); fiber-to-the home (for which PON is the dominant standard); and mobile wireless (where 4G is rapidly morphing into 5G).",,,,,
PQ118,transceiver,SONET,3.5,"In particular, it is now possible to buy pluggable transceiver modules that take care of all the media access details—be it Gigabit Ethernet, 10-Gigabit Ethernet, or SONET—as well as the optics. These transceivers all conform to standardized form factors, such as SFP+, that can in turn be connected to other components over a standardized bus (e.g., SFI).",,,,,
PQ119,error,discarding,2.4,"If they match, it can conclude (with high likelihood) that no errors were introduced in the message during transmission. If they do not match, it can be sure that either the message or the redundant bits were corrupted, and it must take appropriate action—that is, discarding the message or correcting it if that is possible.",,,,,
PQ120,bandwidth,commodity hardware,2-perspective-race-to-the-edge,"On the one hand, cloud providers believe that by saturating metro areas with edge clusters and abstracting away the access network, they can build an edge presence with low enough latency and high enough bandwidth to serve the next generation of edge applications. In this scenario, the access network remains a dumb bit-pipe, allowing cloud providers to excel at what they do best: run scalable cloud services on commodity hardware.",,,,,
PQ121,edge cluster,network edge,2-perspective-race-to-the-edge,"On the one hand, cloud providers believe that by saturating metro areas with edge clusters and abstracting away the access network, they can build an edge presence with low enough latency and high enough bandwidth to serve the next generation of edge applications. [...] While acknowledging both of these possibilities, there is a third outcome that is not only worth considering, but also worth working towards: the democratization of the network edge.",,,,,
PQ122,topology,transmission,2.7,"This topology implies three qualitatively different levels of mobility. The first level is no mobility, such as when a receiver must be in a fixed location to receive a directional transmission from the base station.",,,,,
PQ123,metric,link speed,3.4,"The major changes were to compress the dynamic range of the metric considerably, to account for the link type, and to smooth the variation of the metric with time. [...] The compression of the dynamic range was achieved by feeding the measured utilization, the link type, and the link speed into a function that is shown graphically in Figure.",,,,,
PQ124,shortest path,network address,3.4,"For example, distributed algorithms raise the possibility that two routers will at one instant have different ideas about the shortest path to some destination. [...] This is just one example of the type of problem routing protocols must address.",,,,,
PQ125,point-to-point link,forwarding table,3.3,"Note that it is possible to include the information about directly connected networks in the forwarding table. For example, we could label the network interfaces of router R2 as interface 0 for the point-to-point link (network 3) and interface 1 for the Ethernet (network 2).",,,,,
PQ126,topology,datagram network,3.1,"First, it assumes that host A knows enough about the topology of the network to form a header that has all the right directions in it for every switch in the path. This is somewhat analogous to the problem of building the forwarding tables in a datagram network or figuring out where to send a setup packet in a virtual circuit network.",,,,,
PQ127,network,jumbo packet,3.3,"Fragmentation and Reassembly

One of the problems of providing a uniform host-to-host service model over a heterogeneous collection of networks is that each network technology tends to have its own idea of how large a packet can be. For example, classic Ethernet can accept packets up to 1500 bytes long, but modern-day variants can deliver larger (jumbo) packets that carry up to 9000 bytes of payload.",,,,,
PQ128,video content,bit,1.1,"Just as downloading a web page involves a bit more than meets the eye, so too with video applications. Fitting the video content into a relatively low bandwidth network, for example, or making sure that the video and audio remain in sync and arrive in time for a good user experience are all problems that network and protocol designers have to worry about.",,,,,
PQ129,network operator,bandwidth,2-perspective-race-to-the-edge,"On the one hand, cloud providers believe that by saturating metro areas with edge clusters and abstracting away the access network, they can build an edge presence with low enough latency and high enough bandwidth to serve the next generation of edge applications. [...] On the other hand, network operators believe that by building the next generation access network using cloud technology, they will be able to co-locate edge applications in the access network.",,,,,
PQ130,standard input,sin,1.4,"The next step is to construct the address data structure (sin) expected by the socket interface. [...] Once the operation returns, the connection is established and the client program enters its main loop, which reads text from standard input and sends it over the socket.",,,,,
PQ131,application developer,operating system,3.5,"Like a server operating system (e.g., Linux, iOS, Android, Windows) that provides a set of high-level abstractions that make it easier to implement applications (e.g., you can read and write files instead of directly accessing disk drives), a NOS makes it easier to implement network control functionality, otherwise known as Control Apps. A good NOS abstracts the details of the network switches and provides a Network Map abstraction to the application developer.",,,,,
PQ132,software,reliable service,1-perspective-feature-velocity,"(If you are unfamiliar with DevOps, we recommend you read Site Reliability Engineering: How Google Runs Production Systems to see how it is practiced.)

What this all means is that computer networks are now in the midst of a major transformation, with network operators trying to simultaneously accelerate the pace of innovation (sometimes known as feature velocity) and yet continue to offer a reliable service (preserve stability). And they are increasingly doing this by adopting the best practices of cloud providers, which can be summarized as having two major themes: (1) take advantage of commodity hardware and move all intelligence into software, and (2) adopt agile engineering processes that break down barriers between development and operations.",,,,,
PQ133,commodity hardware,commodity server,2-perspective-race-to-the-edge,"In response, network operators are actively transitioning from these purpose-built appliances to open software running on commodity servers, switches, and access devices. [...] The motivation for operators to do this is in part to benefit from the cost savings that come from replacing purpose-built appliances with commodity hardware, but it is mostly driven by the need to accelerate the pace of innovation.",,,,,
PQ134,error detection,wireless link,2-problem-connecting-to-a-network,"Third, because frames are sometimes corrupted during transmission, it is necessary to detect these errors and take the appropriate action; this is the error detection problem. [...] Finally, in those cases where the link is shared by multiple hosts—as is often the case with wireless links, for example—it is necessary to mediate access to this link.",,,,,
PQ135,VC table,link,3.1,"For the purposes of our example, let’s suppose that the VCI value 5 is chosen for the link from host A to switch 1, and that 11 is chosen for the link from switch 1 to switch 2. In that case, switch 1 needs to have an entry in its VC table configured as shown in Table.",,,,,
PQ136,distribution system,infrastructure,2.7,"Instead of all nodes being created equal, some nodes are allowed to roam (e.g., your laptop) and some are connected to a wired network infrastructure. 802.11 calls these base stations access points (APs), and they are connected to each other by a so-called distribution system.",,,,,
PQ137,Checksum field,field,2.3,"The Checksum field is either 2 (by default) or 4 bytes long. Note that despite its common name, this field is actually a CRC and not a checksum (as described in the next section).",,,,,
PQ138,protocol,counting semaphore,2.5,"For the sending side of the protocol, this state includes variables LAR and LFS, as described earlier in this section, as well as a queue that holds frames that have been transmitted but not yet acknowledged (sendQ). The sending state also includes a counting semaphore called sendWindowNotFull.",,,,,
PQ139,corporation,prefix,3.3,"Imagine an Internet service provider network, whose primary job is to provide Internet connectivity to a large number of corporations and campuses (customers). If we assign prefixes to the customers in such a way that many different customer networks connected to the provider network share a common, shorter address prefix, then we can get even greater aggregation of routes.",,,,,
PQ140,field,queue,3.3,"The 8-bit TOS (type of service) field has had a number of different definitions over the years, but its basic function is to allow packets to be treated differently based on application needs. For example, the TOS value might determine whether or not a packet should be placed in a special queue that receives low delay.",,,,,
PQ141,DevOps model,innovation,1-perspective-feature-velocity,"But if we again look to the cloud for inspiration, we see that develop-and-operate isn’t true just at the company level, but it is also how the fastest moving cloud companies organize their engineering teams: around the DevOps model. (If you are unfamiliar with DevOps, we recommend you read Site Reliability Engineering: How Google Runs Production Systems to see how it is practiced.)

What this all means is that computer networks are now in the midst of a major transformation, with network operators trying to simultaneously accelerate the pace of innovation (sometimes known as feature velocity) and yet continue to offer a reliable service (preserve stability).",,,,,
PQ142,packet type field,signal,2.6,The 64-bit preamble allows the receiver to synchronize with the signal; it is a sequence of alternating 0s and 1s. [...] The packet type field serves as the demultiplexing key; it identifies to which of possibly many higher-level protocols this frame should be delivered.,,,,,
PQ143,Ethernet,global network,3-problem-not-all-networks-are-directly-connected,"A single Ethernet can interconnect no more than 1024 hosts; a point-to-point link connects only two. [...] To build a global network, we need a way to interconnect these different types of links and multi-access networks.",,,,,
PQ144,software,Broadband Network Gateway,2-perspective-race-to-the-edge,"The fiber-to-the-home and cellular networks described in Section 2.8 are currently constructed from complex hardware appliances (e.g., OLTs, BNGs, BBUs, EPCs). [...] In response, network operators are actively transitioning from these purpose-built appliances to open software running on commodity servers, switches, and access devices.",,,,,
PQ145,message body,switch,3.2,"When a packet sent by host X arrives at switch S2, the switch observes that it came in a port that was configured as being in VLAN 100. It inserts a VLAN header between the Ethernet header and its payload.",,,,,
PQ146,in flight,bandwidth,1.5,"If the sender is expecting the receiver to somehow signal that bits are starting to arrive, and it takes another channel latency for this signal to propagate back to the sender, then the sender can send up one RTT × bandwidth worth of data before hearing from the receiver that all is well. The bits in the pipe are said to be “in flight,” which means that if the receiver tells the sender to stop transmitting it might receive up to one RTT × bandwidth’s worth of data before the sender manages to respond.",,,,,
PQ147,control message,datagram,3.3,"IP is always configured with a companion protocol, known as the Internet Control Message Protocol (ICMP), that defines a collection of error messages that are sent back to the source host whenever a router or host is unable to process an IP datagram successfully. [...] ICMP also defines a handful of control messages that a router can send back to a source host.",,,,,
PQ148,Host Configuration,internetwork,3.3,"At the simplest level, the DHCP server can function just as a centralized repository for host configuration information. Consider, for example, the problem of administering addresses in the internetwork of a large company.",,,,,
PQ149,connection,wireless link,2.7,"One endpoint, sometimes described as the base station, usually has no mobility but has a wired (or at least high-bandwidth) connection to the Internet or other networks, as shown in Figure. [...] Observe that in Figure we have used a wavy pair of lines to represent the wireless “link” abstraction provided between two devices (e.g., between a base station and one of its client nodes).",,,,,
PQ150,ATM cell,computer,3.1,"As it turns out, 48 bytes was picked for the ATM cell payload as a compromise. There were good arguments for both larger and smaller cells, and 48 made almost no one happy—a power of two would certainly have been better for computers to process.",,,,,
