id,source concept,relation (stated in words),target concept,section,evidence quote,judgement (correct / wrong relation / wrong direction / not supported)
1,frequency,Carrier frequencies below 1 GHz are intended to support massive IoT services.,massive IoT services,2.8,carrier frequencies below 1GHz are designed to deliver mobile broadband and massive IoT services,correct
2,decimal integer,Four decimal integers are components of the written form of an IP address.,IP address,3.3,IP addresses are written as four decimal integers separated by dots,correct
3,sender,A sender uses collision detection to determine when a collision is in progress.,collision detection,2.6,"Each sender, because the Ethernet supports collision detection, is able to determine that a collision is in progress.",correct
4,switch port,A switch port is a kind of port.,port,3.5,switch ports,correct
5,packet,A packet is a member of a packet stream.,packet stream,1.2,packet stream,correct
6,virtual ethernet frame,A virtual ethernet frame is a kind of frame.,frame,3-perspective-virtual-networks-all-the-way-down,virtual ethernet frame,correct
7,tenant,A tenant can be a member of the tenants hosted by a cloud.,cloud,3-perspective-virtual-networks-all-the-way-down,tenants that a cloud might host,correct
8,C,C is a polynomial of degree k.,polynomial,2.4,C(x) is a polynomial,correct
9,interdomain routing protocols,Interdomain routing protocols are a type of routing protocol.,routing protocol,3.4,interdomain routing protocols,correct
10,default router,A default router is a type of router.,router,3.3,a default router,correct
11,node,Each node generates an update packet.,update packet,3.4,each node creates an update packet,correct
12,accept operation,The accept operation is a kind of operation.,operation,1.4,the accept operation carries out the passive open,correct
13,link,The link can be viewed as a single 155.25-Mbps pipe.,155.25-Mbps pipe,2.3,the link can view it as a single 155.25-Mbps pipe,correct
14,air interface,An air interface is a kind of interface.,interface,2.8,air interface,correct
15,voice-over-IP application,A voice-over-IP application is a kind of application.,application,1.1,voice-over-IP application,correct
16,circuit,Circuits sharing a VPI can be grouped as members of a virtual path.,virtual path,3.1,"All the circuits with the same VPI could, in some cases, be treated as a group (a virtual path)",correct
17,Internet,The Internet is a global network built by interconnecting different types of networks.,global network,3-problem-not-all-networks-are-directly-connected,"a large, global network is the core idea of the Internet",correct
18,mapCreate,mapCreate is an operation.,operation,3.2,"mapCreate, mapBind, and mapResolve operations",correct
19,out-of-order frame,An out-of-order frame is a kind of frame.,frame,2.5,out-of-order frames,correct
20,waypoints,Waypoints are members of the set that makes up a loose source route.,loose source route,3.1,A loose source route can be thought of as a set of waypoints,correct
21,network,Bandwidth is a measure of network performance.,bandwidth,1.5,Network performance is measured in two fundamental ways: bandwidth (also called throughput) and latency (also called delay).,wrong direction
22,private 5G network,A private 5G network is a type of 5G network.,5G,2-perspective-race-to-the-edge,private 5G networks,correct
23,physical layer,The physical layer is a kind of layer.,layer,1.3,the physical layer handles the transmission of raw bits,correct
24,switch,A switch transfers packets from an input to one or more outputs.,packet,3.1,"A switch is a multi-input, multi-output device that transfers packets from an input to one or more outputs.",correct
25,network address,A network address is a kind of data structure.,data,1.4,address is a data structure,not supported
26,lost frame,A lost frame is a frame that has been discarded.,frame,2.5,frames reliably must somehow recover from these discarded (lost) frames,correct
27,fragmentation,Fragmentation is a phase of the fragmentation and reassembly process.,fragmentation and reassembly process,3.3,fragmentation and reassembly process,correct
28,node,Each node constructs a vector containing distances to other nodes.,vector,3.4,Each node constructs a one-dimensional array (a vector),correct
29,automatic repeat request,"Automatic repeat request uses timeouts, along with acknowledgments, to achieve reliable delivery.",timeout,2.5,using acknowledgments and timeouts to implement reliable delivery is sometimes called automatic repeat request,correct
30,application,Applications are part of the Internet as people commonly experience it.,Internet,1.1,the Internet through its applications,wrong relation
