id,forms,kind,distinction,why,owner_tick
D101,switch | switching,different_type,device vs process,A switch is a device (Component); switching is the forwarding technique (Mechanism).,
D102,bit | bit rate | bit stream,different_type,unit vs rate vs sequence,A bit is a unit of data; bit rate is a property (bits per second); a bit stream is a sequence of bits.,
D103,bandwidth | throughput,confusable,nominal capacity vs achieved rate,Bandwidth is what a link can carry; throughput is what is measured end to end in practice.,
D104,latency | round-trip time,confusable,one-way vs round trip,Latency (delay) is one-way; RTT is there and back.,
D105,bandwidth | data rate,confusable,bits per second vs hertz,OWNER DECISION NEEDED. Ch. 1 uses bandwidth to mean bits per second (close to data rate); Ch. 2 also uses bandwidth for a range of frequencies in hertz. May be same in one chapter and different in another; a chapter scope may fit better than a book-wide entry.,
D106,flow control | congestion control,confusable,protects the receiver vs protects the network,Flow control keeps a sender from overrunning the receiver; congestion control keeps senders from overloading the network.,
D107,frame | packet,confusable,layer of the data unit,The book uses frame for the link-level data unit and packet for the network-level one (and generically).,
D108,MAC address | IP address,confusable,layer and structure of the address,A MAC address is a flat link-layer hardware address; an IP address is a hierarchical network-layer address.,
D109,hub | switch,confusable,repeats to all ports vs forwards per destination,A hub (multiway repeater) sends every frame out of every port; a switch forwards each frame only to the port that leads to its destination.,
D110,router | switch,confusable,layer at which forwarding happens,"A switch forwards within one network (link layer); a router forwards between networks (network layer). Owner check: if the book presents a router as a network-layer kind of switch, change kind to kind_of.",
D111,CSMA/CD | CSMA/CA,confusable,collision detection vs collision avoidance,Ethernet detects collisions and backs off; 802.11 avoids collisions because a wireless sender cannot detect them.,
D112,error detection | error correction,confusable,find vs repair,Detection only finds that a frame is corrupted; correction repairs it from redundant bits.,
D113,NRZ | NRZI,confusable,level encodes the bit vs transition encodes the bit,NRZ maps a bit to a signal level; NRZI marks a 1 with a transition.,
D114,4B/5B | 8B/10B,confusable,code group size,"Two different block codes with different group sizes; the book calls 8B/10B 'similar', not the same.",
D115,VLAN | VXLAN,confusable,tag within a LAN vs overlay across an IP network,A VLAN tags frames to split one LAN; VXLAN carries Ethernet frames inside UDP/IP to build a virtual layer-2 network over layer 3.,
D116,VLAN ID | VXLAN network identifier,confusable,"which header, and identifier size",Different identifiers for different technologies: a 12-bit VLAN ID in the 802.1Q tag vs a 24-bit VNI in the VXLAN header.,
