id,section_id,alias_merged,merged_into,model_reason,evidence_quote,mark (ok/wrong),note
1,2.1,ISP,Internet Service Provider,ISP is the standard abbreviation for Internet Service Provider; both refer to the same component.,connected by various means to an ISP,ok,
2,2.1,access network,last-mile link,The textbook explicitly presents “access networks” as an alternative name for “last-mile links.”,"last-mile links (or alternatively, access networks)",ok,
3,2.1,LAN,local area network,"LAN is the abbreviation for local area network, explicitly established by the evidence “local area networks (LANs).”",local area networks (LANs),ok,
4,2.1,mobile network,cellular network,The evidence uses “mobile or cellular network” to refer to the same type of network.,there is also the mobile or cellular network,ok,
5,2.3,Non-Return-to-Zero (NRZ),non-return to zero (NRZ),Both name NRZ and define it as encoding 1 with a high signal and 0 with a low signal.,the simple encoding described in the previous section where 1s are high and 0s are low.,ok,
6,2.4,cyclic redundancy check,cyclic redundancy check (CRC),“Cyclic redundancy check” is the expansion of “cyclic redundancy check (CRC)”; both name the same error-detection technique.,One of the most common techniques for detecting transmission errors is a technique known as the cyclic redundancy check (CRC).,ok,
7,2.4,exclusive OR,exclusive OR (XOR),“Exclusive OR” and “exclusive OR (XOR)” name the same operation; the definitions describe different uses of it.,The remainder obtained when B(x) is divided by C(x) is obtained by performing the exclusive OR (XOR) operation on each pair of matching coefficients.,ok,
8,2.6,4B/5B encoding,4B/5B,“4B/5B encoding” and “4B/5B” name the same encoding mechanism; “encoding” simply makes the implied noun explicit.,while 4B/5B encoding (or the similar 8B/10B) scheme is used today on higher speed Ethernets.,ok,
9,2.6,media access control (MAC),media access control,"“MAC” expands to “media access control,” the exact name of candidate 0; the Ethernet link is the context in which this mechanism is described.",This algorithm is commonly called the Ethernet’s media access control (MAC).,ok,
10,2.6,HDLC protocol,High-Level Data Link Control (HDLC),HDLC is the abbreviation for High-Level Data Link Control; “HDLC protocol” names that same protocol.,Like the HDLC protocol described in an earlier section,ok,
11,2.6,bit-oriented framing protocol,bit-oriented protocol,Both terms describe a protocol that treats frames as sequences of bits rather than bytes; “framing” makes the context explicit without identifying a distinct kind of protocol.,the Ethernet is a bit-oriented framing protocol.,ok,
12,2.7,data rate,bit rate,Data rate and bit rate both describe the number of bits transmitted per second over a link.,use the term data rate to describe the number of bits per second that can be sent over the link,ok,
13,2.7,CSMA/CD,"Carrier Sense, Multiple Access with Collision Detect (CSMA/CD)","CSMA/CD is the abbreviation for Carrier Sense, Multiple Access with Collision Detect (CSMA/CD); they name the same Ethernet protocol.",CSMA/CD used on Ethernets.,ok,
14,2.7,frequency-hopping,frequency hopping,"“Frequency-hopping” is a hyphenated spelling of “frequency hopping.” The Bluetooth channel count describes its use here, not a distinct kind of mechanism.","It uses frequency-hopping with 79 channels (frequencies), using each for 625 μs at a time.",ok,
15,2.8,Internet Service Provider (ISP),Internet Service Provider,“ISP” is the abbreviation for “Internet Service Provider”; candidate 0 names the same component.,an ISP,ok,
16,2.8,multi-access network,multiple-access network,“Multi-access network” and “multiple-access network” are interchangeable terms for a network shared by multiple users or nodes.,the networks are multi-access (like Ethernet and Wi-Fi),ok,
17,2.8,last-mile,last-mile link,"Here, “last-mile” refers to the customer-facing connection, also called the “last-mile link.”",the ISP-side of the last-mile that directly connects to customers,ok,
18,2.8,Passive Optical Network (PON),Passive Optical Network,"Passive Optical Network is the same protocol concept; the new mention adds its standard abbreviation, PON.",PON is the technology most commonly used to deliver fiber-based broadband to homes and businesses.,ok,
19,2.8,Evolved NodeB (eNodeB),Broadband Base Unit (BBU),The textbook explicitly identifies Evolved NodeB (eNodeB) as another name for a BBU.,"BBUs officially go by another name—Evolved NodeB, often abbreviated eNodeB or eNB",ok,
20,2.8,millimeter wave (mmWave),millimeter-wave band,"In this context, “millimeter wave (mmWave)” names the same high-frequency radio-spectrum band as “millimeter-wave band.”","Carrier frequencies above 24GHz (mmWaves) are designed to provide super wide bandwidths over short, line-of-sight coverage.",ok,
21,2-perspective-race-to-the-edge,BBU,Broadband Base Unit (BBU),"“BBUs” is the plural of “BBU,” the abbreviation given for Broadband Base Unit.",BBUs,ok,
22,2-perspective-race-to-the-edge,EPC,Evolved Packet Core (EPC),EPC is the abbreviation for Evolved Packet Core; “EPCs” is its plural form.,EPCs,ok,
23,2-perspective-race-to-the-edge,Telco Central Office,Central Office,"The graph defines Central Office as a Telco edge site, so “Telco Central Office” refers to the same component; “Telco” makes the existing meaning explicit.",build the Telco Central Office,ok,
24,2-perspective-race-to-the-edge,public Internet,Internet,“Public Internet” refers to the Internet; “public” emphasizes its accessibility rather than identifying a distinct kind or version.,connect it to the public Internet,ok,
25,3-problem-not-all-networks-are-directly-connected,IP,Internet protocol,"The evidence explicitly expands IP as Internet Protocol, matching candidate 0; the capitalization difference does not change the protocol's identity.",the Internet Protocol (IP),ok,
26,3-problem-not-all-networks-are-directly-connected,route,path,"The passage uses “path” and “route” as synonyms, and their definitions describe the same network concept.",Finding a suitable path or route through a network is one of the fundamental problems of networking.,ok,
27,3.1,data link protocol,Link-level protocol,“Data link protocol” and “link-level protocol” are synonymous names for a protocol operating on a network link.,"for each of these links, runs the appropriate data link protocol",ok,
28,3.1,connection-oriented model,connection-oriented approach,"The evidence explicitly calls the connection-oriented approach a “connection-oriented model”; both name the same approach, not the virtual connection it establishes.","This approach, which is also referred to as a connection-oriented model, requires setting up a virtual connection",ok,
29,3.1,routing table,forwarding table,"The text explicitly says a forwarding table is sometimes called a routing table, making the terms synonyms in this context.",a forwarding table (sometimes called a routing table),wrong,
30,3.2,L2 switch,Layer 2 switch,"“L2 switch” is an abbreviation of “Layer 2 switch”; the Ethernet links describe its use in this passage, not a distinct type of device.",using L2 switches to connect a set of point-to-point links,ok,
31,3.2,Spanning tree protocol,Spanning tree algorithm,The textbook explicitly describes the spanning tree algorithm as the protocol switches use to agree on a spanning tree; both mentions refer to that same mechanism.,"The spanning tree algorithm, which was developed by Radia Perlman, then at the Digital Equipment Corporation, is a protocol used by a set of switches to agree upon a spanning tree for a particular network.",ok,
32,3.2,VLAN tag,VLAN ID,"The textbook explicitly calls the VID (VLAN ID) a VLAN tag, using the terms for the same identifier.",This VID is typically referred to as a VLAN Tag.,ok,
33,3.3,MTU,maximum transmission unit,"MTU is the abbreviation for maximum transmission unit, and the definitions are identical.","maximum transmission unit (MTU), which is the largest IP datagram that it can carry in a frame.",ok,
34,3.3,Classless Interdomain Routing,classless addressing,The textbook explicitly presents Classless Interdomain Routing (CIDR) as another name for classless addressing; both definitions describe removing address classes and enabling aggregation.,more often called Classless Interdomain Routing or CIDR,ok,
35,3.3,ARP table,ARP cache,The textbook explicitly calls the same set of mappings stored in a host the “ARP cache or ARP table”; these are synonymous names for the same component.,The set of mappings currently stored in a host is known as the ARP cache or ARP table.,ok,
36,3.3,VPN,virtual private network,"The evidence explicitly expands VPN as “virtual private network,” which is the name of candidate 0.",An important example of such a situation is the virtual private network (VPN).,ok,
37,3.4,destination address,DestinationAddr,“destination address” and “DestinationAddr” refer to the packet’s destination-address parameter; the latter is an abbreviated spelling.,look at a destination address and then to determine which of the output ports is the best choice,wrong,
38,3.4,network prefix,prefix,"Here, “prefix” is already defined as a network number represented by a bit prefix, so “network prefix” refers to the same forwarding-table value.",a row in the forwarding table contains the mapping from a network prefix to an outgoing interface,ok,
39,3.5,network interface card,network adaptor,A network interface card (NIC) is also called a network adaptor: the hardware connecting a node to a network link.,four network interface cards (NICs),ok,
40,3-perspective-virtual-networks-all-the-way-down,physical memory,main memory,"In this context, physical memory and main memory both refer to the actual RAM shared by applications, as distinct from the virtual memory abstraction.",the underlying physical memory may be shared by many applications,ok,
41,3-perspective-virtual-networks-all-the-way-down,VLAN,Virtual LAN,VLAN is the abbreviation for Virtual LAN; both refer to the same L2 network partitioning concept.,"VLANs, as described in Section 3.2, are how we typically virtualize an L2 network.",ok,
42,3-perspective-virtual-networks-all-the-way-down,virtual machine (VM),virtual machine,"“VM” is the abbreviation of “virtual machine,” and candidate 0 has the same name and node type. No distinct kind, instance, part, or version is indicated.",the network needs to connect virtual machines rather than the physical machines that those VMs run on.,ok,
43,3-perspective-virtual-networks-all-the-way-down,VXLAN VID,Virtual Network Id (VNI),"“VXLAN VID” refers to the identifier of a VXLAN virtual network, also called its Virtual Network ID (VNI).",virtual networks (VXLAN VIDs),ok,
