id,source_sentence,triple_to_judge,as_a_sentence,mark (correct/incorrect/wrong-direction),note
1,"Before getting into the details of routing, we need to remind ourselves of the key question we should be asking anytime we try to build a mechanism for the Internet: “Does this solution scale?” The answer for the algorithms and protocols described in this section is “not so much.” They are designed for networks of fairly modest size—up to a few hundred nodes, in practice.",routing  —[requires]→  node,routing cannot work unless node,ok,
2,"On an Ethernet, for example, a frame carrying up to 12,000 bits (1500 bytes) of data requires only a 32-bit CRC code, or as it is commonly expressed, uses CRC-32.",Ethernet  —[requires]→  CRC,Ethernet cannot work unless CRC,correct,
3,We also introduced the “cloud” abstraction to represent a network without revealing all of its internal complexities.,cloud  —[has_purpose]→  network,cloud exists in order to achieve network,correct,
4,"This function is sometimes referred to as either switching or forwarding, and in terms of the Open Systems Interconnection (OSI) architecture, it is considered a function of the network layer.",switch  —[equivalent_to]→  forwarding,switch is the same as forwarding,incorrect,
5,"The medium may be a length of wire, a piece of optical fiber, or some less tangible medium (such as air) through which electromagnetic radiation (e.g., radio waves) can be transmitted.",wire  —[contrasts_with]→  air,wire differs from air,incorrect,
6,"If the receiver’s clock is even slightly faster or slower than the sender’s clock, then it does not correctly decode the signal.",signal  —[requires]→  clock,signal cannot work unless clock,wrong-directon,
7,The first step in turning nodes and links into usable building blocks is to understand how to connect them in such a way that bits can be transmitted from one node to the other.,link  —[has_purpose]→  bit,link exists in order to achieve bit,correct,
8,This problem is addressed by having the switches run a distributed spanning tree algorithm.,switch  —[performs]→  Spanning tree,switch performs Spanning tree,correct,
9,"In the case of the Manchester encoding, the bit rate is half the baud rate, so the encoding is considered only 50% efficient.",encoding  —[increases]→  baud rate,encoding increases baud rate,correct,
10,Add them together using 16-bit ones’ complement arithmetic (explained below) and then take the ones’ complement of the result.,ones’ complement arithmetic  —[has_property]→  bit,ones’ complement arithmetic has the property bit,wrong-direction,
11,"As we start to explore how softwarization is transforming the network, we should recognize that it is the access network that connects homes, businesses, and mobile users to the Internet that is undergoing the most radical change.",softwarization  —[causes]→  network,softwarization causes network,correct,
12,The second problem is that frequent transitions from high to low and vice versa are necessary to enable clock recovery.,clock  —[requires]→  transition,clock cannot work unless transition,correct,
13,"Specifically, the protocols described in this section are collectively known as intradomain routing protocols, or interior gateway protocols (IGPs).",routing protocol  —[has_purpose]→  routing,routing protocol exists in order to achieve routing,correct,
14,"Today, the industry is at 4G (supporting data rates typically measured in the few megabits per second) and is in the process of transitioning to 5G (with the promise of a tenfold increase in data rates).",4G  —[precedes]→  5G,4G happens before 5G,correct,
15,"The medium may be a length of wire, a piece of optical fiber, or some less tangible medium (such as air) through which electromagnetic radiation (e.g., radio waves) can be transmitted.",wire  —[has_purpose]→  electromagnetic radiation,wire exists in order to achieve electromagnetic radiation,correct,
16,"Their goal is to enable new classes of edge services—e.g., Public Safety, Autonomous Vehicles, Automated Factories, Internet-of-Things (IoT), Immersive User Interfaces—that benefit from low latency connectivity to end users, and more importantly, to the increasing number of devices those users surround themselves with.",latency  —[decreases]→  edge,latency decreases edge,correct,
17,"In the case of the Manchester encoding, the bit rate is half the baud rate, so the encoding is considered only 50% efficient.",bit  —[contrasts_with]→  baud rate,bit differs from baud rate,incorrect,
18,"Once we interconnect a whole lot of links and networks with switches and routers, there are likely to be many different possible ways to get from one point to another.",network  —[increases]→  path,network increases path,correct,
19,"Recall from Chapter 1 that we are focusing on packet-switched networks, which means that blocks of data (called frames at this level), not bit streams, are exchanged between nodes.",bit  —[contrasts_with]→  frame,bit differs from frame,incorrect,
20,"Specifically, IP addresses consist of two parts, usually referred to as a network part and a host part.",host  —[part_of]→  IP address,host is part of IP address,correct,
21,"The sender maintains three variables: The send window size, denoted SWS, gives the upper bound on the number of outstanding (unacknowledged) frames that the sender can transmit; LAR denotes the sequence number of the last acknowledgment received; and LFS denotes the sequence number of the last frame sent.",frame  —[requires]→  SWS,frame cannot work unless SWS,correct,
22,"As we start to explore how softwarization is transforming the network, we should recognize that it is the access network that connects homes, businesses, and mobile users to the Internet that is undergoing the most radical change.",softwarization  —[causes]→  last-mile link,softwarization causes last-mile link,correct,
23,"It turns out that the sending window size can be no more than half as big as the number of available sequence numbers when RWS = SWS, or stated more precisely,

Intuitively, what this is saying is that the sliding window protocol alternates between the two halves of the sequence number space, just as stop-and-wait alternates between sequence numbers 0 and 1.",sliding window protocol  —[is_a]→  protocol,sliding window protocol is a kind of protocol,correct,
24,"This is all part of the growing trend to move functionality out of the datacenter and closer to the network edge, a trend that puts cloud providers and network operators on a collision course.",network edge  —[is_a]→  edge,network edge is a kind of edge,correct,
25,"The main shortcoming of the stop-and-wait algorithm is that it allows the sender to have only one outstanding frame on the link at a time, and this may be far below the link’s capacity.",Outstanding frame  —[is_a]→  frame,Outstanding frame is a kind of frame,correct,
26,"The medium may be a length of wire, a piece of optical fiber, or some less tangible medium (such as air) through which electromagnetic radiation (e.g., radio waves) can be transmitted.",optical fiber  —[contrasts_with]→  air,optical fiber differs from air,correct,
27,"Like wired links, issues of bit errors are of great concern—typically even more so due to the unpredictable noise environment of most wireless links.",wire  —[contrasts_with]→  wireless link,wire differs from wireless link,correct,
28,"So the question to ask is “How does the receiver know where each frame starts and ends?” We consider this question for the lowest-speed SONET link, which is known as STS-1 and runs at 51.84 Mbps.",link  —[has_property]→  SONET,link has the property SONET,incorrect,
29,"This section outlines the basic CRC algorithm, but before discussing that approach, we first describe the simpler checksum scheme used by several Internet protocols.",Internet  —[uses]→  checksum,Internet uses checksum,correct, 
30,- The remainder obtained when B(x) is divided by C(x) is obtained by performing the exclusive OR (XOR) operation on each pair of matching coefficients.,exclusive OR (XOR)  —[has_purpose]→  remainder,exclusive OR (XOR) exists in order to achieve remainder,correct,
