id,section,family,relation,direction_chosen,polarity,modality,model_statement,evidence_quote
1,3.4,dependency,requires,reversed,affirmed,necessary,The routing algorithms described are practical only when the network has no more than a few hundred nodes.,"They are designed for networks of fairly modest size—up to a few hundred nodes, in practice."
2,2.4,dependency,requires,forward,affirmed,necessary,"An Ethernet frame carrying up to 12,000 bits of data requires a 32-bit CRC code.","a frame carrying up to 12,000 bits (1500 bytes) of data requires only a 32-bit CRC code"
3,2-problem-connecting-to-a-network,function_means,has_purpose,reversed,affirmed,always,The cloud abstraction is intended to represent a network while hiding its internal complexities.,“cloud” abstraction to represent a network without revealing all of its internal complexities
4,3.1,comparison,equivalent_to,forward,affirmed,possible,Switching and forwarding are two names for the same function.,referred to as either switching or forwarding
5,2-problem-connecting-to-a-network,comparison,contrasts_with,forward,affirmed,possible,"Wire differs from air as a transmission medium: wire is tangible, while air is less tangible.","a length of wire, a piece of optical fiber, or some less tangible medium (such as air)"
6,2.2,dependency,requires,forward,affirmed,necessary,Correct decoding of the signal requires the receiver’s clock to match the sender’s clock.,"If the receiver’s clock is even slightly faster or slower than the sender’s clock, then it does not correctly decode the signal."
7,2.2,function_means,has_purpose,forward,affirmed,possible,Links are used to enable bits to be transmitted from one node to another.,connect them in such a way that bits can be transmitted from one node to the other
8,3.2,mechanism_process,performs,forward,affirmed,always,The switches perform a distributed spanning tree algorithm.,switches run a distributed spanning tree algorithm
9,2.2,cause_effect,increases,forward,affirmed,necessary,Manchester encoding requires a baud rate twice as high as the bit rate.,"In the case of the Manchester encoding, the bit rate is half the baud rate"
10,2.4,classification_structure,has_property,reversed,affirmed,necessary,The ones’ complement arithmetic uses a width of 16 bits.,16-bit ones’ complement arithmetic
11,2-perspective-race-to-the-edge,cause_effect,causes,reversed,affirmed,always,Softwarization causes the network to change.,softwarization is transforming the network
12,2.2,dependency,requires,forward,affirmed,necessary,Clock recovery requires frequent transitions between high and low states.,frequent transitions from high to low and vice versa are necessary to enable clock recovery
13,3.4,function_means,has_purpose,reversed,affirmed,always,Routing protocols are designed to enable intradomain routing.,intradomain routing protocols
14,2.8,mechanism_process,precedes,forward,affirmed,always,"The industry is moving from 4G to 5G, so 4G precedes 5G in this transition.",the industry is at 4G (supporting data rates typically measured in the few megabits per second) and is in the process of transitioning to 5G
15,2-problem-connecting-to-a-network,function_means,has_purpose,forward,affirmed,possible,A wire can serve as a medium for transmitting electromagnetic radiation.,"a length of wire, a piece of optical fiber, or some less tangible medium (such as air) through which electromagnetic radiation (e.g., radio waves) can be transmitted"
16,2-perspective-race-to-the-edge,cause_effect,decreases,forward,affirmed,typically,Higher latency reduces the benefit that edge services receive from connectivity.,"edge services—e.g., Public Safety, Autonomous Vehicles, Automated Factories, Internet-of-Things (IoT), Immersive User Interfaces—that benefit from low latency connectivity"
17,2.2,comparison,contrasts_with,forward,affirmed,always,"With Manchester encoding, the bit rate is half the baud rate.",the bit rate is half the baud rate
18,3-problem-not-all-networks-are-directly-connected,cause_effect,increases,forward,affirmed,typically,Interconnecting many networks increases the number of possible paths between two points.,"Once we interconnect a whole lot of links and networks with switches and routers, there are likely to be many different possible ways to get from one point to another."
19,2.3,comparison,contrasts_with,forward,affirmed,necessary,"Frames are exchanged between nodes as blocks of data, rather than bits being exchanged as a stream.","blocks of data (called frames at this level), not bit streams, are exchanged between nodes"
20,3.3,classification_structure,part_of,forward,affirmed,always,The host part is a component of an IP address.,"IP addresses consist of two parts, usually referred to as a network part and a host part."
21,2.5,dependency,requires,forward,affirmed,necessary,Transmitting outstanding frames requires their number to remain within the limit set by SWS.,"The send window size, denoted SWS, gives the upper bound on the number of outstanding (unacknowledged) frames that the sender can transmit"
22,2-perspective-race-to-the-edge,cause_effect,causes,reversed,affirmed,always,"Softwarization causes radical change in the last-mile link, or access network.","softwarization is transforming the network, we should recognize that it is the access network that connects homes, businesses, and mobile users to the Internet that is undergoing the most radical change."
23,2.5,classification_structure,is_a,reversed,affirmed,necessary,A sliding window protocol is a type of protocol.,the sliding window protocol
24,2-perspective-race-to-the-edge,classification_structure,is_a,forward,affirmed,necessary,A network edge is a type of edge.,network edge
25,2.5,classification_structure,is_a,reversed,affirmed,always,An outstanding frame is a kind of frame.,one outstanding frame
26,2-problem-connecting-to-a-network,comparison,contrasts_with,forward,affirmed,possible,Optical fiber differs from air in tangibility: air is described as a less tangible transmission medium.,"a piece of optical fiber, or some less tangible medium (such as air)"
27,2.7,comparison,contrasts_with,forward,affirmed,typically,Links using wire differ from wireless links in that bit errors are typically a greater concern for wireless links.,"Like wired links, issues of bit errors are of great concern—typically even more so due to the unpredictable noise environment of most wireless links."
28,2.3,classification_structure,has_property,forward,affirmed,always,The link uses SONET technology.,SONET link
29,2.4,function_means,uses,forward,affirmed,possible,Several Internet protocols use a checksum scheme.,checksum scheme used by several Internet protocols
30,2.4,function_means,has_purpose,forward,affirmed,always,The exclusive OR (XOR) operation is used to obtain the remainder.,The remainder obtained when B(x) is divided by C(x) is obtained by performing the exclusive OR (XOR) operation on each pair of matching coefficients.
