id,origin,found_via_anchor,anchor_type
1,anchored,True,used_for
2,independent,False,
3,independent,False,
4,anchored,False,kind_of
5,anchored,False,kind_of
6,independent,False,
7,anchored,False,other
8,independent,False,
9,anchored,False,part_of
10,independent,False,
11,anchored,False,kind_of
12,independent,False,
13,anchored,True,property_of
14,anchored,False,property_of
15,anchored,True,kind_of
16,anchored,False,kind_of
17,anchored,False,other
18,anchored,False,part_of
19,anchored,False,part_of
20,anchored,False,property_of
21,independent,False,
22,anchored,False,used_for
23,anchored,False,used_for
24,independent,False,
25,independent,False,
26,independent,True,
27,independent,False,
28,independent,False,
29,anchored,False,kind_of
30,anchored,True,kind_of
