id,list,form_a,form_b,kind (different only),why,source,textbook quote,quote section,judgement (approve/reject/edit)
1,different,routing table,forwarding table,,,CR-005 sheet row 29 [information only: owner-derived],"To decide how to forward a packet, a switch consults a forwarding table (sometimes called a routing table), an example of which is depicted in Table.",3.1,(no tick needed)
2,different,destination address,DestinationAddr,,,CR-005 sheet row 37 [information only: owner-derived],,,(no tick needed)
3,different,Telco Central Office,Central Office,,,CR-007 sheet row 4 [information only: owner-derived],"This initiative is often called CORD, which is an acronym for C\ entral O\ ffice R\ e-architected as a D\ atacenter, and as the name suggests, the idea is to build the Telco Central Office (or the Cable Head End, resulting in the acronym HERD) using exactly the same technologies as in the large datacenters that make up the cloud.",2-perspective-race-to-the-edge,(no tick needed)
4,different,data link protocol,Link-level protocol,,,CR-007 sheet row 8 [information only: owner-derived],,,(no tick needed)
5,different,High-Level Data Link Control (HDLC),Synchronous Data Link Control (SDLC),,,configs/canonical_overrides.yaml never_merge [information only: owner-derived],The Synchronous Data Link Control (SDLC) protocol developed by IBM is an example of a bit-oriented protocol; SDLC was later standardized by the ISO as the High-Level Data Link Control (HDLC) protocol.,2.3,(no tick needed)
6,different,Internet,internetworking,,,configs/canonical_overrides.yaml never_merge [information only: owner-derived],"The Internet’s application layer is considered to be at layer 7, its transport layer is layer 4, the IP (internetworking or just network) layer is layer 3, and the link or subnet layer below IP is layer 2.",1.3,(no tick needed)
7,different,cyclic redundancy check,error-detecting code,,,configs/canonical_overrides.yaml never_merge [information only: owner-derived],,,(no tick needed)
8,same,ISP,Internet Service Provider,,,CR-005 sheet row 1 [information only: owner-derived],,,(no tick needed)
9,same,access network,last-mile link,,,CR-005 sheet row 2 [information only: owner-derived],,,(no tick needed)
10,same,LAN,local area network,,,CR-005 sheet row 3 [information only: owner-derived],,,(no tick needed)
11,same,mobile network,cellular network,,,CR-005 sheet row 4 [information only: owner-derived],,,(no tick needed)
12,same,Non-Return-to-Zero (NRZ),non-return to zero (NRZ),,,CR-005 sheet row 5 [information only: owner-derived],,,(no tick needed)
13,same,cyclic redundancy check,cyclic redundancy check (CRC),,,CR-005 sheet row 6 [information only: owner-derived],,,(no tick needed)
14,same,exclusive OR,exclusive OR (XOR),,,CR-005 sheet row 7 [information only: owner-derived],,,(no tick needed)
15,same,4B/5B encoding,4B/5B,,,CR-005 sheet row 8 [information only: owner-derived],,,(no tick needed)
16,same,media access control (MAC),media access control,,,CR-005 sheet row 9 [information only: owner-derived],,,(no tick needed)
17,same,HDLC protocol,High-Level Data Link Control (HDLC),,,CR-005 sheet row 10 [information only: owner-derived],,,(no tick needed)
18,same,bit-oriented framing protocol,bit-oriented protocol,,,CR-005 sheet row 11 [information only: owner-derived],,,(no tick needed)
19,same,data rate,bit rate,,,CR-005 sheet row 12 [information only: owner-derived],,,(no tick needed)
20,same,CSMA/CD,"Carrier Sense, Multiple Access with Collision Detect (CSMA/CD)",,,CR-005 sheet row 13 [information only: owner-derived],,,(no tick needed)
21,same,frequency-hopping,frequency hopping,,,CR-005 sheet row 14 [information only: owner-derived],,,(no tick needed)
22,same,Internet Service Provider (ISP),Internet Service Provider,,,CR-005 sheet row 15 [information only: owner-derived],,,(no tick needed)
23,same,multi-access network,multiple-access network,,,CR-005 sheet row 16 [information only: owner-derived],,,(no tick needed)
24,same,last-mile,last-mile link,,,CR-005 sheet row 17 [information only: owner-derived],,,(no tick needed)
25,same,Passive Optical Network (PON),Passive Optical Network,,,CR-005 sheet row 18 [information only: owner-derived],,,(no tick needed)
26,same,Evolved NodeB (eNodeB),Broadband Base Unit (BBU),,,CR-005 sheet row 19 [information only: owner-derived],,,(no tick needed)
27,same,millimeter wave (mmWave),millimeter-wave band,,,CR-005 sheet row 20 [information only: owner-derived],,,(no tick needed)
28,same,BBU,Broadband Base Unit (BBU),,,CR-005 sheet row 21 [information only: owner-derived],,,(no tick needed)
29,same,EPC,Evolved Packet Core (EPC),,,CR-005 sheet row 22 [information only: owner-derived],,,(no tick needed)
30,same,Telco Central Office,Central Office,,,CR-005 sheet row 23 [information only: owner-derived],,,(no tick needed)
31,same,public Internet,Internet,,,CR-005 sheet row 24 [information only: owner-derived],,,(no tick needed)
32,same,IP,Internet protocol,,,CR-005 sheet row 25 [information only: owner-derived],,,(no tick needed)
33,same,route,path,,,CR-005 sheet row 26 [information only: owner-derived],,,(no tick needed)
34,same,data link protocol,Link-level protocol,,,CR-005 sheet row 27 [information only: owner-derived],,,(no tick needed)
35,same,connection-oriented model,connection-oriented approach,,,CR-005 sheet row 28 [information only: owner-derived],,,(no tick needed)
36,same,L2 switch,Layer 2 switch,,,CR-005 sheet row 30 [information only: owner-derived],,,(no tick needed)
37,same,Spanning tree protocol,Spanning tree algorithm,,,CR-005 sheet row 31 [information only: owner-derived],,,(no tick needed)
38,same,VLAN tag,VLAN ID,,,CR-005 sheet row 32 [information only: owner-derived],,,(no tick needed)
39,same,MTU,maximum transmission unit,,,CR-005 sheet row 33 [information only: owner-derived],,,(no tick needed)
40,same,Classless Interdomain Routing,classless addressing,,,CR-005 sheet row 34 [information only: owner-derived],,,(no tick needed)
41,same,ARP table,ARP cache,,,CR-005 sheet row 35 [information only: owner-derived],,,(no tick needed)
42,same,VPN,virtual private network,,,CR-005 sheet row 36 [information only: owner-derived],,,(no tick needed)
43,same,network prefix,prefix,,,CR-005 sheet row 38 [information only: owner-derived],,,(no tick needed)
44,same,network interface card,network adaptor,,,CR-005 sheet row 39 [information only: owner-derived],,,(no tick needed)
45,same,physical memory,main memory,,,CR-005 sheet row 40 [information only: owner-derived],,,(no tick needed)
46,same,VLAN,Virtual LAN,,,CR-005 sheet row 41 [information only: owner-derived],,,(no tick needed)
47,same,virtual machine (VM),virtual machine,,,CR-005 sheet row 42 [information only: owner-derived],,,(no tick needed)
48,same,VXLAN VID,Virtual Network Id (VNI),,,CR-005 sheet row 43 [information only: owner-derived],,,(no tick needed)
49,same,TCP/IP architecture,Internet architecture,,,CR-007 sheet row 2 [information only: owner-derived],,,(no tick needed)
50,same,Delay-bandwidth product,delay × bandwidth product,,,CR-007 sheet row 3 [information only: owner-derived],,,(no tick needed)
51,same,STDM,synchronous time-division multiplexing,,,CR-007 sheet row 5 [information only: owner-derived],,,(no tick needed)
52,same,gateway,router,,,CR-007 sheet row 6 [information only: owner-derived],,,(no tick needed)
53,same,Transmission Control Protocol,Transmission Control Protocol (TCP),,,CR-007 sheet row 9 [information only: owner-derived],,,(no tick needed)
54,same,CIDR,Classless Interdomain Routing,,,CR-007 sheet row 11 [information only: owner-derived],,,(no tick needed)
55,same,OSI reference model,OSI architecture,,,CR-007 sheet row 12 [information only: owner-derived],,,(no tick needed)
56,same,FDM,frequency-division multiplexing,,,CR-007 sheet row 18 [information only: owner-derived],,,(no tick needed)
57,same,IEEE 802.11,802.11 Wi-Fi standards,,,CR-007 sheet row 19 [information only: owner-derived],,,(no tick needed)
58,same,last-mile,last mile,,,CR-007 sheet row 22 [information only: owner-derived],,,(no tick needed)
59,same,Software Defined Network,Software Defined Networks,,,CR-007 sheet row 23 [information only: owner-derived],,,(no tick needed)
60,same,bit-pipe,bit pipe,,,CR-007 sheet row 25 [information only: owner-derived],,,(no tick needed)
61,same,synchronous time division multiplexing,synchronous time-division multiplexing,,,CR-007 sheet row 26 [information only: owner-derived],,,(no tick needed)
62,same,exclusive-OR,exclusive OR (XOR),,,CR-007 sheet row 28 [information only: owner-derived],,,(no tick needed)
63,same,Payload,Message body,,,CR-007 sheet row 29 [information only: owner-derived],,,(no tick needed)
64,same,networked application,network application,,,CR-007 sheet row 30 [information only: owner-derived],,,(no tick needed)
65,same,FTP,File Transfer Protocol,,,CR-007 sheet row 32 [information only: owner-derived],,,(no tick needed)
66,same,application-level protocol,Application layer protocol,,,CR-007 sheet row 33 [information only: owner-derived],,,(no tick needed)
67,same,network designers,network designer,,,CR-007 sheet row 34 [information only: owner-derived],,,(no tick needed)
68,same,frequency division multiplexing,frequency-division multiplexing,,,CR-007 sheet row 36 [information only: owner-derived],,,(no tick needed)
69,same,link,physical medium,,,CR-007 sheet row 39 [information only: owner-derived],,,(no tick needed)
70,same,application developers,application developer,,,CR-007 sheet row 40 [information only: owner-derived],,,(no tick needed)
72,different,switch,switching,different_type,A switch is a device (Component); switching is the forwarding technique (Mechanism).,research-chat seed D101,"The switching function is then very simple: For each packet that arrives on an input, the switch would read the port number in the header and transmit the packet on that output.",3.1,(approve)
73,different,bit,bit rate,different_type,A bit is a unit of data; bit rate is a property (bits per second); a bit stream is a sequence of bits.,research-chat seed D102,"In the case of the Manchester encoding, the bit rate is half the baud rate, so the encoding is considered only 50% efficient.",2.2,(approve)
74,different,bit,bit stream,different_type,A bit is a unit of data; bit rate is a property (bits per second); a bit stream is a sequence of bits.,research-chat seed D102,The idea of 4B/5B is to insert extra bits into the bit stream so as to break up long sequences of 0s or 1s.,2.2,(approve)
75,different,bit rate,bit stream,different_type,A bit is a unit of data; bit rate is a property (bits per second); a bit stream is a sequence of bits.,research-chat seed D102,,,(approve)
76,same,bandwidth,throughput,confusable,Bandwidth is what a link can carry; throughput is what is measured end to end in practice.,research-chat seed D103,Network performance is measured in two fundamental ways: bandwidth (also called throughput) and latency (also called delay).,1.5,"FLAG: CONFLICT: P&D §1.5 says bandwidth is ""also called throughput"" (a strong R3 alias); the seed says different | (edit)"
77,same,latency,round-trip time,confusable,Latency (delay) is one-way; RTT is there and back.,research-chat seed D104,"Also, we make it clear in the context of the discussion whether we are referring to the one-way latency or the round-trip time.",1.5,(edit)
78,different,bandwidth,data rate,confusable,OWNER DECISION NEEDED. Ch. 1 uses bandwidth to mean bits per second (close to data rate); Ch. 2 also uses bandwidth for a range of frequencies in hertz. May be same in one chapter and different in another; a chapter scope may fit better than a book-wide entry.,research-chat seed D105,You may recall that bandwidth sometimes means the width of a frequency band in hertz and sometimes the data rate of a link.,2.7,FLAG: OWNER DECISION: consider scope chapter:2 for the frequency sense (book §2.7 states both senses) | (approve)
79,different,flow control,congestion control,confusable,Flow control keeps a sender from overrunning the receiver; congestion control keeps senders from overloading the network.,research-chat seed D106,,,(approve)
80,different,frame,packet,confusable,The book uses frame for the link-level data unit and packet for the network-level one (and generically).,research-chat seed D107,"At this layer, the unit of data exchanged among nodes is typically called a packet rather than a frame, although they are fundamentally the same thing.",1.3,"FLAG: CONFLICT: P&D §1.3 says packet and frame are ""fundamentally the same thing""; the seed says different | (approve)"
81,different,MAC address,IP address,confusable,A MAC address is a flat link-layer hardware address; an IP address is a hierarchical network-layer address.,research-chat seed D108,,,(approve)
82,different,hub,switch,confusable,A hub (multiway repeater) sends every frame out of every port; a switch forwards each frame only to the port that leads to its destination.,research-chat seed D109,"The switch-based variant of Ethernet did eventually succeed in replacing multi-access Ethernet, but this is primarily because it could be deployed incrementally—with some hosts connected by point-to-point links to switches while others remained tapped into coax and connected to repeaters or hubs—all the while retaining the simplicity of network administration.",2.6,(approve)
83,different,router,switch,confusable,"A switch forwards within one network (link layer); a router forwards between networks (network layer). Owner check: if the book presents a router as a network-layer kind of switch, change kind to kind_of.",research-chat seed D110,"A node that is connected to two or more networks is commonly called a router or gateway, and it plays much the same role as a switch—it forwards messages from one network to another.",1.2,"FLAG: CHECK: P&D §1.2 says a router ""plays much the same role as a switch""; consider kind_of | (approve)"
84,different,CSMA/CD,CSMA/CA,confusable,Ethernet detects collisions and backs off; 802.11 avoids collisions because a wireless sender cannot detect them.,research-chat seed D111,"802.11 addresses these problems by using CSMA/CA, where the CA stands for collision avoidance, in contrast to the collision detection of CSMA/CD used on Ethernets.",2.7,(approve)
85,different,error detection,error correction,confusable,Detection only finds that a frame is corrupted; correction repairs it from redundant bits.,research-chat seed D112,"Thus, while error detection requires more bits to be sent when errors occur, error correction requires more bits to be sent all the time.",2.4,(approve)
86,different,NRZ,NRZI,confusable,NRZ maps a bit to a signal level; NRZI marks a 1 with a transition.,research-chat seed D113,"Keep in mind that if the receiver had been able to keep up with the faster baud rate required by the Manchester encoding in Figure, then both NRZ and NRZI could have been able to transmit twice as many bits in the same time period.",2.2,(approve)
87,different,4B/5B,8B/10B,confusable,"Two different block codes with different group sizes; the book calls 8B/10B 'similar', not the same.",research-chat seed D114,"The original Ethernet specifications used the Manchester encoding scheme described in an earlier section, while 4B/5B encoding (or the similar 8B/10B) scheme is used today on higher speed Ethernets.",2.6,(approve)
88,different,VLAN,VXLAN,confusable,A VLAN tags frames to split one LAN; VXLAN carries Ethernet frames inside UDP/IP to build a virtual layer-2 network over layer 3.,research-chat seed D115,"This means a VXLAN-based virtual network (which is often referred to as an overlay network) runs on top of an IP-based network, which in turn runs on an underlying ethernet (or perhaps in just one VLAN of the underlying ethernet).",3-perspective-virtual-networks-all-the-way-down,(approve)
89,same,VLAN ID,VXLAN network identifier,confusable,Different identifiers for different technologies: a 12-bit VLAN ID in the 802.1Q tag vs a 24-bit VNI in the VXLAN header.,research-chat seed D116,,,(edit)
