id,source_sentence,triple_to_judge,as_a_sentence,mark (correct/incorrect/wrong-direction/wrong-granularity),note
1,SOCK_STREAM is used to denote a byte stream.,SOCK_STREAM  —[identifies]→  byte stream,SOCK_STREAM identifies byte stream,correct,
2,"In the simplest terms, a switch is a mechanism that allows us to interconnect links to form a larger network.",switch  —[has_purpose]→  network,switch exists in order to achieve network,correct,
3,"There is at least one relay agent on each network, and it is configured with just one piece of information: the IP address of the DHCP server.",relay agent  —[requires]→  DHCP server,relay agent cannot work unless DHCP server,wrong-direction,
4,"Today, the industry is at 4G (supporting data rates typically measured in the few megabits per second) and is in the process of transitioning to 5G (with the promise of a tenfold increase in data rates).",4G  —[contrasts_with]→  5G,4G differs from 5G,correct,
5,Some of the framing protocols described later in this chapter make use of these control symbols.,framing protocol  —[uses]→  control symbol,framing protocol uses control symbol,correct,
6,This is accomplished by making sure that all Ethernet cards are assigned a globally unique identifier.,globally unique identifier  —[identifies]→  Ethernet,globally unique identifier identifies Ethernet,correct,
7,"Routing Information Protocol (RIP)

One of the more widely used routing protocols in IP networks is the Routing Information Protocol (RIP).",RIP  —[identifies]→  Routing Information Protocol,RIP identifies Routing Information Protocol,wrong,
8,"1.5.1 Bandwidth and Latency

Network performance is measured in two fundamental ways: bandwidth (also called throughput) and latency (also called delay).",delay  —[equivalent_to]→  latency,delay is the same as latency,correct,
9,"Datagram networks have the following characteristics:

-  A host can send a packet anywhere at any time, since any packet that turns up at a switch can be immediately forwarded (assuming a correctly populated forwarding table).",host  —[acts_on]→  packet,"host handles packet (sends, receives, forwards, transforms, checks, stores or drops it)",correct,
10,"Virtual memory creates an abstraction of a large and private pool of memory, even though the underlying physical memory may be shared by many applications and considerably smaller that the apparent pool of virtual memory.",virtual memory  —[causes]→  Abstraction,virtual memory causes Abstraction,wrong,
11,"Unlike the original approach, which effectively encapsulated a virtualized ethernet frame inside another ethernet frame, VXLAN encapsulates a virtual ethernet frame inside a UDP packet.",UDP packet  —[encapsulates]→  Ethernet frame,UDP packet carries Ethernet frame as its payload,correct,
12,"Let’s consider how these three stakeholders might list their requirements for a network:

-  An application programmer would list the services that his or her application needs: for example, a guarantee that each message the application sends will be delivered without error within a certain amount of time or the ability to switch gracefully among different connections to the network as the user moves around.",network  —[acts_on]→  message,"network handles message (sends, receives, forwards, transforms, checks, stores or drops it)",correct,
13,This is done by assigning an address to each node.,address  —[identifies]→  node,address identifies node,correct,
14,"(There are also class D addresses that specify a multicast group and class E addresses that are currently unused.) In all cases, the address is 32 bits long.",class D address  —[identifies]→  Multicast group,class D address identifies Multicast group,wrong-granularity,
15,"Before getting into the details of routing, we need to remind ourselves of the key question we should be asking anytime we try to build a mechanism for the Internet: “Does this solution scale?” The answer for the algorithms and protocols described in this section is “not so much.” They are designed for networks of fairly modest size—up to a few hundred nodes, in practice.",node  —[part_of]→  network,node is part of network,correct,
16,The bandwidth of a network is given by the number of bits that can be transmitted over the network in a certain period of time.,network  —[acts_on]→  bit,"network handles bit (sends, receives, forwards, transforms, checks, stores or drops it)",correct,
17,One way to think of IP is that it runs on all the nodes (both hosts and routers) in a collection of networks and defines the infrastructure that allows these nodes and networks to function as a single logical internetwork.,network  —[uses]→  IP,network uses IP,correct,
18,The mechanism just described is called active scanning since the node is actively searching for an access point.,node  —[performs]→  active scanning,node performs active scanning,correct,
19,"Thus, we need a global addressing scheme—one in which no two hosts have the same address.",address  —[identifies]→  host,address identifies host,correct,
20,"Modern Ethernet links are now largely point to point; that is, they connect one host to an Ethernet switch, or they interconnect switches.",physical medium  —[connected_to]→  Ethernet switch,physical medium is directly connected to Ethernet switch,wrong-granularity,
21,"An interesting characteristic of bit stuffing, as well as character stuffing, is that the size of a frame is dependent on the data that is being sent in the payload of the frame.",frame  —[requires]→  Message body,frame cannot work unless Message body,correct,
22,"In ones’ complement arithmetic, a negative integer (-x) is represented as the complement of x; that is, each bit of x is inverted.",ones’ complement arithmetic  —[acts_on]→  bit,"ones’ complement arithmetic handles bit (sends, receives, forwards, transforms, checks, stores or drops it)",correct,
23,The network part of an IP address identifies the network to which the host is attached; all hosts attached to the same network have the same network part in their IP address.,network part  —[identifies]→  network,network part identifies network,correct,
24,"Note that higher-level protocols, such as TCP and UDP, typically run on top of IP on the hosts.",protocol  —[requires]→  IP,protocol cannot work unless IP,wrong-granularity,
25,"The “carrier sense” in CSMA/CD means that all the nodes can distinguish between an idle and a busy link, and “collision detect” means that a node listens as it transmits and can therefore detect when a frame it is transmitting has interfered (collided) with a frame transmitted by another node.",node  —[performs]→  collision detect,node performs collision detect,wrong,
26,Tunnels also provide a mechanism by which we can force a packet to be delivered to a particular place even if its original header—the one that gets encapsulated inside the tunnel header—might suggest that it should go somewhere else.,tunnel header  —[encapsulates]→  packet,tunnel header carries packet as its payload,correct,
27,"-  Load balancing—OSPF allows multiple routes to the same place to be assigned the same cost and will cause traffic to be distributed evenly over those routes, thus making better use of the available network capacity.",load balancing  —[increases]→  network,load balancing increases network,correct,
28,"While it is tempting to settle for just understanding the way it’s done today, it is important to recognize the underlying concepts because networks are constantly changing as technology evolves and new applications are invented.",application  —[causes]→  network,application causes network,wrong-direction,
29,"One consequence of this design that isn’t immediately obvious is that a logically centralized control plane doesn’t just manage a network of physical (hardware) switches that interconnects physical servers, but it also manages a network of virtual (software) switches that interconnect virtual servers (e.g., Virtual Machines and containers).",network  —[connected_to]→  virtual server,network is directly connected to virtual server,correct,
30,-  All hosts and routers that share the same network part of their address are connected to the same physical network and can thus communicate with each other by sending frames over that network.,host  —[connected_to]→  physical network,host is directly connected to physical network,correct,
31,If you’re counting “switch ports” (a good measure of all the devices connected to your network) then the number of virtual ports in the Internet rocketed past the number of physical ports in 2012.,virtual port  —[contrasts_with]→  physical port,virtual port differs from physical port,correct,
32,This mindset exposes the fundamental tension between stability and feature velocity: the rate at which new capabilities are introduced into the network.,stability  —[trades_off_with]→  feature velocity,there is a trade-off between stability and feature velocity,correct,
33,"2.4.1 Internet Checksum Algorithm

Our first approach to error detection is exemplified by the Internet checksum.",Internet checksum  —[is_a]→  error detection,Internet checksum is a kind of error detection,correct,
34,The nodes that interconnect the networks are called routers.,network  —[connected_to]→  router,network is directly connected to router,correct,
35,"(The IEEE 802.1 specification is based on this algorithm.) In practice, this means that each switch decides the ports over which it is and is not willing to forward frames.",switch  —[acts_on]→  frame,"switch handles frame (sends, receives, forwards, transforms, checks, stores or drops it)",correct,
36,Note that this particular implementation does not support piggybacking ACKs on data frames.,implementation  —[performs]→  Piggybacking,implementation performs Piggybacking,wrong,
37,"A star topology has several attractive properties:

-  Even though a switch has a fixed number of inputs and outputs, which limits the number of hosts that can be connected to a single switch, large networks can be built by interconnecting a number of switches.",switch  —[connected_to]→  host,switch is directly connected to host,correct,
38,One way to think of IP is that it runs on all the nodes (both hosts and routers) in a collection of networks and defines the infrastructure that allows these nodes and networks to function as a single logical internetwork.,host  —[part_of]→  network,host is part of network,correct,
39,Notice that this data structure specifies that we’ll be using the socket to connect to the Internet (AF_INET).,AF_INET  —[identifies]→  Internet,AF_INET identifies Internet,wrong,
