id,section,misconception quote,correction quote,wrong belief (plain),correct edge (plain),(a) does the book give this warning? yes/no,(b) wrong edge a faithful version? yes/fix,(b) fix (write it),(c) linked correct edge the right one? yes/no
1,2.2,bit rate isn’t necessarily less than or equal to the baud rate,"it is possible to encode two bits into each clock interval, resulting in a bit rate that is twice the baud rate",modulation scheme prevents bit,The modulation scheme encodes bits into each clock interval.,,,,
2,2.2,bit rate isn’t necessarily less than or equal to the baud rate,"it is possible to encode two bits into each clock interval, resulting in a bit rate that is twice the baud rate.","It is NOT the case that modulation scheme handles bit (sends, receives, forwards, transforms, checks, stores or drops it)",The modulation scheme encodes bits into each clock interval.,,,,
3,3.1,fast parallel hardware switches can only be built using fixed-length cells,"It would be overstating the case to say that fast parallel hardware switches can only be built using fixed-length cells. However, it is certainly true that cells ease the task of building such hardware",hardware switch cannot work unless cell,The sentence denies that a hardware switch requires a cell of fixed length.,,,,
4,2.3,"despite its common name, this field is actually a CRC and not a checksum",this field is actually a CRC and not a checksum,The Checksum field is a checksum.,(no correct edge yet: verifier rejected the proposal),,,,
5,2.4,"At first glance, it would seem that correction is always better, since with detection we are forced to throw away the message and, in general, ask for another copy to be transmitted.","Thus, while error detection requires more bits to be sent when errors occur, error correction requires more bits to be sent all the time.",Correction is always better than detection because detection can require retransmission.,(no correct edge yet: verifier rejected the proposal),,,,
6,2.4,"At first glance, it would seem that correction is always better","However, there is a downside to correction, as it generally requires a greater number of redundant bits to send an error-correcting code that is as strong (that is, able to cope with the same range of errors) as a code that only detects errors.",Error correction is always better than error detection.,(no correct edge yet: verifier rejected the proposal),,,,
7,2.8,their names implying “centralized” and “root of the hierarchy”,these sites are at the very edge of the ISP’s network; the ISP-side of the last-mile that directly connects to customers.,"Central Offices and Head Ends are centralized sites at the root of an ISP’s network, rather than at its edge.",(no correct edge yet: verifier rejected the proposal),,,,
8,3.1,it is the use of signalling (not switching) that distinguishes an SVC from a PVC.,"an SVC should more accurately be called a signalled VC, since it is the use of signalling (not switching) that distinguishes an SVC from a PVC.",An SVC is distinguished from a PVC by its use of switching.,(no correct edge yet: verifier rejected the proposal),,,,
9,3.4,conventional wisdom now holds that dynamically changing metrics are too unstable,even though this probably need not be true,"Dynamically changing metrics are too unstable to use, so network deployments require static metrics.",(no correct edge yet: verifier rejected the proposal),,,,
