id,section,sentence,does this sentence reject a wrong belief the book describes? yes/no,note
1,1.2,It is not practical to resize the quantum or to add additional quanta in the case of STDM or to add new frequencies in the case of FDM.,,
2,1.2,"(As we will see later, not all packet-switched networks actually involve switches, and they may use other mechanisms to determine whose packet goes onto the link next.) Each switch in a packet-switched network makes this decision independently, on a packet-by-packet basis.",,
3,1.2,"Because a packet-switched network limits the maximum size of packets, a host may not be able to send a complete message in one packet.",,
4,1.2,"Although the name is not all that helpful for understanding the concept, statistical multiplexing is really quite simple, with two key ideas.",,
5,1.4,"The point to note is that knowing how to implement network software is an essential part of understanding computer networks, and while the odds are you will not be tasked to implement a low-level protocol like IP, there is a good chance you will find reason to implement an application-level protocol—the elusive “killer app” that will lead to unimaginable fame and fortune.",,
6,1.4,"This operation does not return until TCP has successfully established a connection, at which time the application is free to begin sending data.",,
7,1.5,"where TransferTime includes not only the elements of one-way latency identified earlier in this section, but also any additional time spent requesting or setting up the transfer.",,
8,1.5,"Note that if the message contains only one bit and we are talking about a single link (as opposed to a whole network), then the Transmit and Queue terms are not relevant, and latency corresponds to the propagation delay only.",,
9,2.2,"If the receiver’s clock is even slightly faster or slower than the sender’s clock, then it does not correctly decode the signal.",,
10,2.5,This is usually accomplished by augmenting the sliding window protocol so that the receiver not only acknowledges frames it has received but also informs the sender of how many frames it has room to receive.,,
11,2.5,"This is easy to do at the receiver—since each frame has a sequence number, the receiver just makes sure that it does not pass a frame up to the next-higher-level protocol until it has already passed up all frames with a smaller sequence number.",,
12,2.6,"Technically, the address belongs to the adaptor, not the host; it is usually burned into ROM.",,
13,2.7,"Even though the RTS may not have been heard by a hidden node, the CTS probably will be.",,
14,2.7,"Finally, several frequency bands are set aside for license-exempt usage—bands in which a license is not needed.",,
15,3.3,Best-effort delivery does not just mean that packets can get lost.,,
16,3.3,"In the case where DHCP dynamically assigns IP addresses to hosts, it is clear that hosts cannot keep addresses indefinitely, as this would eventually cause the server to exhaust its address pool.",,
17,3.4,"The idea is that when a node sends a routing update to its neighbors, it does not send those routes it learned from each neighbor back to that neighbor.",,
18,3.4,"Using queue length as a routing metric did not work well, however, since queue length is an artificial measure of load—it moves packets toward the shortest queue rather than toward the destination, a situation all too familiar to those of us who hop from line to line at the grocery store.",,
19,3.4,The fact that the LSP is not sent back to the node from which it was received helps to bring an end to the flooding of an LSP.,,
20,3.5,This so called software switch is not too far removed from the architecture of many commercial mid- to low-end network devices.\ [#]_ Implementations that deliver high-end performance typically take advantage of additional hardware acceleration.,,
