id,text form,linked to node,section,evidence,mark (same / not same)
1,network,cloud,1.3,over some network,not same
2,HDLC protocol,High-Level Data Link Control,2.6,Like the HDLC protocol described in an earlier section,same
3,reassembled,reassembly,3.3,To enable these fragments to be reassembled at the receiving host,not same
4,network part,hierarchical addressing,3.3,they contain a network part and a host part,not same
5,protocol,protocol design,3.3,protocol address,not same
6,—,transport protocol,2.3,—,not same
7,Internet Engineering Task Force (IETF),IETF,3.4,the Internet Engineering Task Force (IETF),same
8,system,device,2.5,the behavior over time of a distributed system,not same
9,link,link capacity,3.4,the cost of the link to each of its directly connected neighbors,not same
10,IP datagrams,datagram,3.3,IP datagrams contain IP addresses,not same
11,flows of data,flow of data,1.3,multiplex multiple flows of data over a single physical link,same
12,pixel values,pixel,2.3,they might be pixel values in an image,not same
13,Address Resolution Protocol,ARP,3.3,This can be accomplished using the Address Resolution Protocol (ARP).,same
14,—,synchronizing,2.8,—,not same
15,—,channel capacity,2.3,—,not same
