id,anchor_derived,relation,family
1,False,has_purpose,function_means
2,False,part_of,classification_structure
3,False,uses,function_means
4,True,is_a,classification_structure
5,True,part_of,classification_structure
6,True,is_a,classification_structure
7,False,part_of,classification_structure
8,False,is_a,classification_structure
9,True,is_a,classification_structure
10,True,is_a,classification_structure
11,False,acts_on,mechanism_process
12,True,is_a,classification_structure
13,True,is_a,classification_structure
14,True,is_a,classification_structure
15,True,is_a,classification_structure
16,False,part_of,classification_structure
17,False,is_a,classification_structure
18,True,is_a,classification_structure
19,True,is_a,classification_structure
20,False,part_of,classification_structure
21,False,has_property,classification_structure
22,True,is_a,classification_structure
23,True,is_a,classification_structure
24,False,acts_on,mechanism_process
25,False,is_a,classification_structure
26,False,is_a,classification_structure
27,True,part_of,classification_structure
28,True,acts_on,mechanism_process
29,False,uses,function_means
30,False,part_of,classification_structure
