item_id,evidence_section_id,evidence_text,concept_a,concept_b,annotator_id,current_semantic_relation_judgement,erst_applies_yes_no,erst_relation_1,erst_relation_2_optional,direction_judgement,nuclearity_judgement_if_relevant,machine_useful_meaning_survives_yes_no,loss_taxonomy,loss_part_whole_composition,loss_mechanism,loss_network_topology,loss_identifier_semantics,loss_encapsulation_payload_semantics,loss_causal_sign_direction,loss_technical_dependency,loss_tradeoff_semantics,loss_pedagogical_prerequisite,loss_principle_instance_organisation,other_loss_notes,annotator_notes
RM001,3-problem-not-all-networks-are-directly-connected,"[§3-problem-not-all-networks-are-directly-connected Problem: Not All Networks are Directly Connected] To build a global network, we need a way to interconnect these different types of links and multi-access networks.",global network,multiple-access network,,,,,,,,,,,,,,,,,,,,,
RM003,1.3,"[§1.3 Architecture] For example, a request/reply protocol would support operations by which an application can send and receive messages.",message,request/reply protocol,,,,,,,,,,,,,,,,,,,,,
RM004,2-perspective-race-to-the-edge,"[§2-perspective-race-to-the-edge Perspective: Race to the Edge] On the one hand, cloud providers believe that by saturating metro areas with edge clusters and abstracting away the access network, they can build an edge presence with low enough latency and high enough bandwidth to serve the next generation of edge applications.",edge cluster,edge presence,,,,,,,,,,,,,,,,,,,,,
RM005,3.1,[§3.1 Switching Basics] a switch adds the star topology,switch,star topology,,,,,,,,,,,,,,,,,,,,,
RM007,2-problem-connecting-to-a-network,"[§2-problem-connecting-to-a-network Problem: Connecting to a Network] Five additional problems must be addressed before the nodes can successfully exchange packets, and once addressed, we will have provided Layer 2 (L2) connectivity (using terminology from the OSI architecture).",Open Systems Interconnection architecture,Layer 2 connectivity,,,,,,,,,,,,,,,,,,,,,
RM009,3.1,[§3.1 Switching Basics] The connection state for a single connection consists of an entry in a “VC table” in each switch through which the connection passes.,connection,switch,,,,,,,,,,,,,,,,,,,,,
RM010,2.5,[§2.5 Reliable Transmission] msgStripHdr and load_swp_hdr to extract the header from the frame,header,msgStripHdr,,,,,,,,,,,,,,,,,,,,,
RM011,3-perspective-virtual-networks-all-the-way-down,"[§3-perspective-virtual-networks-all-the-way-down Perspective: Virtual Networks All the Way Down] Virtual memory creates an abstraction of a large and private pool of memory, even though the underlying physical memory may be shared by many applications and considerably smaller that the apparent pool of virtual memory.",abstraction,virtual memory,,,,,,,,,,,,,,,,,,,,,
RM013,3.3,"[§3.3 Internet (IP)] The data carried in the second fragment starts with the 513th byte of the original data, so the Offset field in this header is set to 64, which is 512/8.",Offset field,byte,,,,,,,,,,,,,,,,,,,,,
RM016,2.4,[§2.4 Error Detection] A code that enables error correction is called an error-correcting code (ECC).,error-correcting code,error correction,,,,,,,,,,,,,,,,,,,,,
RM020,2.8,[§2.8 Access Networks] the gateway between the access network (everything to the left of the BNG) and the Internet,Broadband Network Gateway,Internet,,,,,,,,,,,,,,,,,,,,,
RM021,2.2,"[§2.2 Encoding] However, a long period of time without such a transition leads to clock drift.",transition,clock drift,,,,,,,,,,,,,,,,,,,,,
RM034,3.2,[§3.2 Switched Ethernet] The code that implements the learning bridge algorithm,bridge,learning bridge algorithm,,,,,,,,,,,,,,,,,,,,,
RM038,1.2,[§1.2 Requirements] the services that his or her application needs,service,application,,,,,,,,,,,,,,,,,,,,,
RM040,1.4,[§1.4 Software] the application process performs a passive open,application process,passive open,,,,,,,,,,,,,,,,,,,,,
RM044,3.2,[§3.2 Switched Ethernet] switches run a distributed spanning tree algorithm,switch,spanning tree algorithm,,,,,,,,,,,,,,,,,,,,,
RM045,1.5,"[§1.5 Performance] Unfortunately, if a frame arrives late, then the receiver will not have the frame it needs in time to update the screen, and the video quality will suffer; it will not be smooth.",receiver,video quality,,,,,,,,,,,,,,,,,,,,,
RM049,1.5,"[§1.5 Performance] 1.5.1 Bandwidth and Latency

Network performance is measured in two fundamental ways: bandwidth (also called throughput) and latency (also called delay).",delay,bandwidth,,,,,,,,,,,,,,,,,,,,,
RM051,3.3,[§3.3 Internet (IP)] The latter is the key to datagram delivery: Every packet contains a full address for its intended destination so that forwarding decisions can be made at each router.,datagram,router,,,,,,,,,,,,,,,,,,,,,
RM054,3-perspective-virtual-networks-all-the-way-down,[§3-perspective-virtual-networks-all-the-way-down Perspective: Virtual Networks All the Way Down] open source network virtualization platforms,virtualization,network virtualization platform,,,,,,,,,,,,,,,,,,,,,
RM056,3.4,[§3.4 Routing] the range of link values was much too large,link,link values,,,,,,,,,,,,,,,,,,,,,
RM058,3-perspective-virtual-networks-all-the-way-down,[§3-perspective-virtual-networks-all-the-way-down Perspective: Virtual Networks All the Way Down] in cloud datacenters,cloud datacenter,cloud,,,,,,,,,,,,,,,,,,,,,
RM063,2.2,"[§2.2 Encoding] The resulting 5-bit codes are then transmitted using the NRZI encoding, which explains why the code is only concerned about consecutive 0s—NRZI already solves the problem of consecutive 1s.",encoding,5-bit code,,,,,,,,,,,,,,,,,,,,,
RM069,3-problem-not-all-networks-are-directly-connected,"[§3-problem-not-all-networks-are-directly-connected Problem: Not All Networks are Directly Connected] Given the enormous diversity of network types, we also need a way to interconnect disparate networks and links (i.e., deal with heterogeneity).",network,heterogeneity,,,,,,,,,,,,,,,,,,,,,
RM071,2.6,"[§2.6 Multi-Access Networks] all these hosts are competing for access to the same link, and, as a consequence, they are said to be in the same collision domain",link,collision domain,,,,,,,,,,,,,,,,,,,,,
RM073,2.1,"[§2.1 Technology Landscape] At one end of the spectrum, network operators that build global networks must deal with links that span hundreds or thousands of kilometers connecting refrigerator-sized routers.",link,router,,,,,,,,,,,,,,,,,,,,,
RM075,2.2,[§2.2 Encoding] insert extra bits into the bit stream,stream of bits,bit,,,,,,,,,,,,,,,,,,,,,
RM080,1-perspective-feature-velocity,[§1-perspective-feature-velocity Perspective: Feature Velocity] the latest performance improvements,performance,performance improvement,,,,,,,,,,,,,,,,,,,,,
RM082,3.4,[§3.4 Routing] from one measurement cycle to the next,cycle,measurement cycle,,,,,,,,,,,,,,,,,,,,,
RM083,3-perspective-virtual-networks-all-the-way-down,"[§3-perspective-virtual-networks-all-the-way-down Perspective: Virtual Networks All the Way Down] VLANs were also seen as a promising way to virtualize L2 networks in cloud datacenters, making it possible to give each tenant their own L2 network so as to isolate their traffic from the traffic of all other tenants.",tenant,virtual LAN,,,,,,,,,,,,,,,,,,,,,
RM084,1.1,[§1.1 Applications] the difference between streaming applications and the more traditional delivery,application,streaming application,,,,,,,,,,,,,,,,,,,,,
RM085,1.2,[§1.2 Requirements] multiple sources onto a single shared link,source,link,,,,,,,,,,,,,,,,,,,,,
RM086,3-perspective-virtual-networks-all-the-way-down,[§3-perspective-virtual-networks-all-the-way-down Perspective: Virtual Networks All the Way Down] notably addressing and routing tables,network address,addressing,,,,,,,,,,,,,,,,,,,,,
RM088,3.4,[§3.4 Routing] a network administrator,network,network administrator,,,,,,,,,,,,,,,,,,,,,
RM090,2.5,[§2.5 Reliable Transmission] One detail worth noting is the call to store_swp_hdr just before the call to msgAddHdr.,msgAddHdr,store_swp_hdr,,,,,,,,,,,,,,,,,,,,,
RM092,2.1,[§2.1 Technology Landscape] Sometimes this link will be a wireless (Wi-Fi) link in a coffee shop; sometimes it’s an Ethernet link in an office building or university; sometimes it is a smartphone connected to a cellular network; for an increasingly large slice of the population it is a fiber optic link provided by an ISP; and many others use some sort of copper wire or cable to connect.,wire,link,,,,,,,,,,,,,,,,,,,,,
RM097,2.8,"[§2.8 Access Networks] In this case, there are two waveforms: one with subcarrier spacing of 15kHz and another of 30kHz.",subcarrier spacing,waveform,,,,,,,,,,,,,,,,,,,,,
RM098,2.4,"[§2.4 Error Detection] However, it is worth considering the merits of correction versus detection.",correction,detection,,,,,,,,,,,,,,,,,,,,,
RM100,1.2,"[§1.2 Requirements] The idea of STDM is to divide time into equal-sized quanta and, in a round-robin fashion, give each flow a chance to send its data over the physical link.",data,round-robin,,,,,,,,,,,,,,,,,,,,,
RM101,2.7,[§2.7 Wireless Networks] The mechanism just described is called active scanning since the node is actively searching for an access point.,node,active scanning,,,,,,,,,,,,,,,,,,,,,
RM105,2.8,"[§2.8 Access Networks] Today, the industry is at 4G (supporting data rates typically measured in the few megabits per second) and is in the process of transitioning to 5G (with the promise of a tenfold increase in data rates).",4G,5G,,,,,,,,,,,,,,,,,,,,,
RM109,3.2,"[§3.2 Switched Ethernet] Another routine, not shown here, is invoked at regular intervals, scans the entries in the forwarding table, and decrements the TTL (time to live) field of each entry, discarding any entries whose TTL has reached 0.",forwarding table,TTL,,,,,,,,,,,,,,,,,,,,,
RM111,1.3,[§1.3 Architecture] different implementations of web servers,web server,server,,,,,,,,,,,,,,,,,,,,,
RM113,3.2,"[§3.2 Switched Ethernet] (The IEEE 802.1 specification is based on this algorithm.) In practice, this means that each switch decides the ports over which it is and is not willing to forward frames.",frame,switch,,,,,,,,,,,,,,,,,,,,,
RM114,1.4,"[§1.4 Software] Such generality was certainly a goal of the socket interface, although it’s far from perfect.",socket interface,generality,,,,,,,,,,,,,,,,,,,,,
RM116,1-problem-building-a-network,"[§1-problem-building-a-network Problem: Building a Network] What available technologies would serve as the underlying building blocks, and what kind of software architecture would you design to integrate these building blocks into an effective communication service?",software architecture,effective communication service,,,,,,,,,,,,,,,,,,,,,
RM119,1.4,"[§1.4 Software] It is a blocking operation that does not return until a remote participant has established a connection, and when it does complete it returns a new socket that corresponds to this just-established connection, and the address argument contains the remote participant’s address.",connection,operation,,,,,,,,,,,,,,,,,,,,,
RM122,3-problem-not-all-networks-are-directly-connected,[§3-problem-not-all-networks-are-directly-connected Problem: Not All Networks are Directly Connected] Wireless networks are limited by the range of their radios.,radio,wireless network,,,,,,,,,,,,,,,,,,,,,
RM130,1.5,"[§1.5 Performance] Clearly, transferring a larger amount of data will help improve the effective throughput, where in the limit an infinitely large transfer size will cause the effective throughput to approach the network bandwidth.",transfer size,effective throughput,,,,,,,,,,,,,,,,,,,,,
RM137,2.4,"[§2.4 Error Detection] This is referred to as “polynomial arithmetic modulo 2.” Since this is a networking book, not a mathematics text, let’s focus on the key properties of this type of arithmetic for our purposes (which we ask you to accept on faith):

- Any polynomial B(x) can be divided by a divisor polynomial C(x) if B(x) is of higher degree than C(x).",polynomial arithmetic modulo 2,divisor polynomial,,,,,,,,,,,,,,,,,,,,,
RM140,1.2,"[§1.2 Requirements] Should a switch receive packets faster than it can send them for an extended period of time, then the switch will eventually run out of buffer space, and some packets will have to be dropped.",packet,buffer space,,,,,,,,,,,,,,,,,,,,,
RM163,1.1,"[§1.1 Applications] While we frequently start at a website to initiate a streaming session, the delivery of audio and video has some important differences from fetching a simple web page of text and images.",streaming session,video,,,,,,,,,,,,,,,,,,,,,
RM164,2.7,"[§2.7 Wireless Networks] The basic Bluetooth network configuration, called a piconet, consists of a master device and up to seven slave devices, as shown in Figure.",piconet,slave device,,,,,,,,,,,,,,,,,,,,,
RM165,3.5,"[§3.5 Implementation] Like a server operating system (e.g., Linux, iOS, Android, Windows) that provides a set of high-level abstractions that make it easier to implement applications (e.g., you can read and write files instead of directly accessing disk drives), a NOS makes it easier to implement network control functionality, otherwise known as Control Apps.",application,Control App,,,,,,,,,,,,,,,,,,,,,
RM166,2.2,[§2.2 Encoding] If the modulation scheme is able to utilize (and recognize) four different signals,modulation,modulation scheme,,,,,,,,,,,,,,,,,,,,,
RM167,2.1,"[§2.1 Technology Landscape] One way to characterize links, then, is by the medium they use—typically, copper wire in some form, such as twisted pair (some Ethernets and landline phones) and coaxial (cable); optical fiber, which is used for both fiber-to-the-home and many long-distance links in the Internet’s backbone; or air/free space for wireless links.",coaxial,fiber-to-the-home,,,,,,,,,,,,,,,,,,,,,
RM169,1.4,"[§1.4 Software] Whereas a server usually listens for messages on a well-known port, a client typically does not care which port it uses for itself; the OS simply selects an unused one.",server,port,,,,,,,,,,,,,,,,,,,,,
RM175,2.7,"[§2.7 Wireless Networks] A second spread spectrum technique, called direct sequence, adds redundancy for greater tolerance of interference.",spread spectrum,direct sequence,,,,,,,,,,,,,,,,,,,,,
RM177,2-perspective-race-to-the-edge,[§2-perspective-race-to-the-edge Perspective: Race to the Edge] a factory floor making use of automation robots,automation,automation robot,,,,,,,,,,,,,,,,,,,,,
RM178,3.3,"[§3.3 Internet (IP)] The destination address in the IP header is the address of the router at the far end of the tunnel, while the source address is that of the encapsulating router.",destination address,source address,,,,,,,,,,,,,,,,,,,,,
