item_id,stratum_hidden,current_relation_hidden,relation_family_hidden,selected_for_iaa,freeze_hash
RM001,OTHER_NEAR_MISS,other,dependency,yes,c03e9a798cdc1b2fa43ac800d4c5fd150e3ff512c80ecfc3121955e8acdfd1e2
RM002,ACCEPTED_EDGE,uses,function_means,no,c03e9a798cdc1b2fa43ac800d4c5fd150e3ff512c80ecfc3121955e8acdfd1e2
RM003,OTHER_NEAR_MISS,has_purpose,function_means,yes,c03e9a798cdc1b2fa43ac800d4c5fd150e3ff512c80ecfc3121955e8acdfd1e2
RM004,ACCEPTED_EDGE,has_purpose,function_means,yes,c03e9a798cdc1b2fa43ac800d4c5fd150e3ff512c80ecfc3121955e8acdfd1e2
RM005,ACCEPTED_EDGE,causes,cause_effect,yes,c03e9a798cdc1b2fa43ac800d4c5fd150e3ff512c80ecfc3121955e8acdfd1e2
RM006,ACCEPTED_EDGE,is_a,classification_structure,no,c03e9a798cdc1b2fa43ac800d4c5fd150e3ff512c80ecfc3121955e8acdfd1e2
RM007,OTHER_NEAR_MISS,other,classification_structure,yes,c03e9a798cdc1b2fa43ac800d4c5fd150e3ff512c80ecfc3121955e8acdfd1e2
RM008,NO_RELATION,,no_relation,no,c03e9a798cdc1b2fa43ac800d4c5fd150e3ff512c80ecfc3121955e8acdfd1e2
RM009,OTHER_NEAR_MISS,other,classification_structure,yes,c03e9a798cdc1b2fa43ac800d4c5fd150e3ff512c80ecfc3121955e8acdfd1e2
RM010,ACCEPTED_EDGE,acts_on,mechanism_process,yes,c03e9a798cdc1b2fa43ac800d4c5fd150e3ff512c80ecfc3121955e8acdfd1e2
RM011,ACCEPTED_EDGE,causes,cause_effect,yes,c03e9a798cdc1b2fa43ac800d4c5fd150e3ff512c80ecfc3121955e8acdfd1e2
RM012,NO_RELATION,,no_relation,no,c03e9a798cdc1b2fa43ac800d4c5fd150e3ff512c80ecfc3121955e8acdfd1e2
RM013,ACCEPTED_EDGE,increases,cause_effect,yes,c03e9a798cdc1b2fa43ac800d4c5fd150e3ff512c80ecfc3121955e8acdfd1e2
RM014,OTHER_NEAR_MISS,other,mechanism_process,no,c03e9a798cdc1b2fa43ac800d4c5fd150e3ff512c80ecfc3121955e8acdfd1e2
RM015,ACCEPTED_EDGE,part_of,classification_structure,no,c03e9a798cdc1b2fa43ac800d4c5fd150e3ff512c80ecfc3121955e8acdfd1e2
RM016,OTHER_NEAR_MISS,has_purpose,function_means,yes,c03e9a798cdc1b2fa43ac800d4c5fd150e3ff512c80ecfc3121955e8acdfd1e2
RM017,ACCEPTED_EDGE,requires,dependency,no,c03e9a798cdc1b2fa43ac800d4c5fd150e3ff512c80ecfc3121955e8acdfd1e2
RM018,NO_RELATION,,no_relation,no,c03e9a798cdc1b2fa43ac800d4c5fd150e3ff512c80ecfc3121955e8acdfd1e2
RM019,OTHER_NEAR_MISS,other,classification_structure,no,c03e9a798cdc1b2fa43ac800d4c5fd150e3ff512c80ecfc3121955e8acdfd1e2
RM020,ACCEPTED_EDGE,connected_to,classification_structure,yes,c03e9a798cdc1b2fa43ac800d4c5fd150e3ff512c80ecfc3121955e8acdfd1e2
RM021,ACCEPTED_EDGE,prevents,cause_effect,yes,c03e9a798cdc1b2fa43ac800d4c5fd150e3ff512c80ecfc3121955e8acdfd1e2
RM022,OTHER_NEAR_MISS,other,cause_effect,no,c03e9a798cdc1b2fa43ac800d4c5fd150e3ff512c80ecfc3121955e8acdfd1e2
RM023,ACCEPTED_EDGE,requires,dependency,no,c03e9a798cdc1b2fa43ac800d4c5fd150e3ff512c80ecfc3121955e8acdfd1e2
RM024,OTHER_NEAR_MISS,other,function_means,no,c03e9a798cdc1b2fa43ac800d4c5fd150e3ff512c80ecfc3121955e8acdfd1e2
RM025,ACCEPTED_EDGE,part_of,classification_structure,no,c03e9a798cdc1b2fa43ac800d4c5fd150e3ff512c80ecfc3121955e8acdfd1e2
RM026,NO_RELATION,,no_relation,no,c03e9a798cdc1b2fa43ac800d4c5fd150e3ff512c80ecfc3121955e8acdfd1e2
RM027,ACCEPTED_EDGE,requires,dependency,no,c03e9a798cdc1b2fa43ac800d4c5fd150e3ff512c80ecfc3121955e8acdfd1e2
RM028,ACCEPTED_EDGE,acts_on,mechanism_process,no,c03e9a798cdc1b2fa43ac800d4c5fd150e3ff512c80ecfc3121955e8acdfd1e2
RM029,ACCEPTED_EDGE,has_purpose,function_means,no,c03e9a798cdc1b2fa43ac800d4c5fd150e3ff512c80ecfc3121955e8acdfd1e2
RM030,ACCEPTED_EDGE,requires,dependency,no,c03e9a798cdc1b2fa43ac800d4c5fd150e3ff512c80ecfc3121955e8acdfd1e2
RM031,ACCEPTED_EDGE,is_a,classification_structure,no,c03e9a798cdc1b2fa43ac800d4c5fd150e3ff512c80ecfc3121955e8acdfd1e2
RM032,ACCEPTED_EDGE,is_a,classification_structure,no,c03e9a798cdc1b2fa43ac800d4c5fd150e3ff512c80ecfc3121955e8acdfd1e2
RM033,ACCEPTED_EDGE,uses,function_means,no,c03e9a798cdc1b2fa43ac800d4c5fd150e3ff512c80ecfc3121955e8acdfd1e2
RM034,NO_RELATION,,no_relation,yes,c03e9a798cdc1b2fa43ac800d4c5fd150e3ff512c80ecfc3121955e8acdfd1e2
RM035,ACCEPTED_EDGE,requires,dependency,no,c03e9a798cdc1b2fa43ac800d4c5fd150e3ff512c80ecfc3121955e8acdfd1e2
RM036,ACCEPTED_EDGE,part_of,classification_structure,no,c03e9a798cdc1b2fa43ac800d4c5fd150e3ff512c80ecfc3121955e8acdfd1e2
RM037,OTHER_NEAR_MISS,other,mechanism_process,no,c03e9a798cdc1b2fa43ac800d4c5fd150e3ff512c80ecfc3121955e8acdfd1e2
RM038,ACCEPTED_EDGE,requires,dependency,yes,c03e9a798cdc1b2fa43ac800d4c5fd150e3ff512c80ecfc3121955e8acdfd1e2
RM039,ACCEPTED_EDGE,uses,function_means,no,c03e9a798cdc1b2fa43ac800d4c5fd150e3ff512c80ecfc3121955e8acdfd1e2
RM040,ACCEPTED_EDGE,performs,mechanism_process,yes,c03e9a798cdc1b2fa43ac800d4c5fd150e3ff512c80ecfc3121955e8acdfd1e2
RM041,NO_RELATION,,no_relation,no,c03e9a798cdc1b2fa43ac800d4c5fd150e3ff512c80ecfc3121955e8acdfd1e2
RM042,OTHER_NEAR_MISS,other,function_means,no,c03e9a798cdc1b2fa43ac800d4c5fd150e3ff512c80ecfc3121955e8acdfd1e2
RM043,OTHER_NEAR_MISS,other,cause_effect,no,c03e9a798cdc1b2fa43ac800d4c5fd150e3ff512c80ecfc3121955e8acdfd1e2
RM044,ACCEPTED_EDGE,performs,mechanism_process,yes,c03e9a798cdc1b2fa43ac800d4c5fd150e3ff512c80ecfc3121955e8acdfd1e2
RM045,ACCEPTED_EDGE,decreases,cause_effect,yes,c03e9a798cdc1b2fa43ac800d4c5fd150e3ff512c80ecfc3121955e8acdfd1e2
RM046,ACCEPTED_EDGE,acts_on,mechanism_process,no,c03e9a798cdc1b2fa43ac800d4c5fd150e3ff512c80ecfc3121955e8acdfd1e2
RM047,ACCEPTED_EDGE,part_of,classification_structure,no,c03e9a798cdc1b2fa43ac800d4c5fd150e3ff512c80ecfc3121955e8acdfd1e2
RM048,OTHER_NEAR_MISS,other,classification_structure,no,c03e9a798cdc1b2fa43ac800d4c5fd150e3ff512c80ecfc3121955e8acdfd1e2
RM049,NO_RELATION,,no_relation,yes,c03e9a798cdc1b2fa43ac800d4c5fd150e3ff512c80ecfc3121955e8acdfd1e2
RM050,ACCEPTED_EDGE,acts_on,mechanism_process,no,c03e9a798cdc1b2fa43ac800d4c5fd150e3ff512c80ecfc3121955e8acdfd1e2
RM051,ACCEPTED_EDGE,acts_on,mechanism_process,yes,c03e9a798cdc1b2fa43ac800d4c5fd150e3ff512c80ecfc3121955e8acdfd1e2
RM052,NO_RELATION,,no_relation,no,c03e9a798cdc1b2fa43ac800d4c5fd150e3ff512c80ecfc3121955e8acdfd1e2
RM053,OTHER_NEAR_MISS,other,classification_structure,no,c03e9a798cdc1b2fa43ac800d4c5fd150e3ff512c80ecfc3121955e8acdfd1e2
RM054,OTHER_NEAR_MISS,has_purpose,function_means,yes,c03e9a798cdc1b2fa43ac800d4c5fd150e3ff512c80ecfc3121955e8acdfd1e2
RM055,ACCEPTED_EDGE,uses,function_means,no,c03e9a798cdc1b2fa43ac800d4c5fd150e3ff512c80ecfc3121955e8acdfd1e2
RM056,ACCEPTED_EDGE,has_property,classification_structure,yes,c03e9a798cdc1b2fa43ac800d4c5fd150e3ff512c80ecfc3121955e8acdfd1e2
RM057,ACCEPTED_EDGE,part_of,classification_structure,no,c03e9a798cdc1b2fa43ac800d4c5fd150e3ff512c80ecfc3121955e8acdfd1e2
RM058,NO_RELATION,,no_relation,yes,c03e9a798cdc1b2fa43ac800d4c5fd150e3ff512c80ecfc3121955e8acdfd1e2
RM059,NO_RELATION,,no_relation,no,c03e9a798cdc1b2fa43ac800d4c5fd150e3ff512c80ecfc3121955e8acdfd1e2
RM060,NO_RELATION,,no_relation,no,c03e9a798cdc1b2fa43ac800d4c5fd150e3ff512c80ecfc3121955e8acdfd1e2
RM061,ACCEPTED_EDGE,uses,function_means,no,c03e9a798cdc1b2fa43ac800d4c5fd150e3ff512c80ecfc3121955e8acdfd1e2
RM062,ACCEPTED_EDGE,acts_on,mechanism_process,no,c03e9a798cdc1b2fa43ac800d4c5fd150e3ff512c80ecfc3121955e8acdfd1e2
RM063,OTHER_NEAR_MISS,uses,function_means,yes,c03e9a798cdc1b2fa43ac800d4c5fd150e3ff512c80ecfc3121955e8acdfd1e2
RM064,ACCEPTED_EDGE,requires,dependency,no,c03e9a798cdc1b2fa43ac800d4c5fd150e3ff512c80ecfc3121955e8acdfd1e2
RM065,ACCEPTED_EDGE,acts_on,mechanism_process,no,c03e9a798cdc1b2fa43ac800d4c5fd150e3ff512c80ecfc3121955e8acdfd1e2
RM066,NO_RELATION,,no_relation,no,c03e9a798cdc1b2fa43ac800d4c5fd150e3ff512c80ecfc3121955e8acdfd1e2
RM067,ACCEPTED_EDGE,acts_on,mechanism_process,no,c03e9a798cdc1b2fa43ac800d4c5fd150e3ff512c80ecfc3121955e8acdfd1e2
RM068,ACCEPTED_EDGE,part_of,classification_structure,no,c03e9a798cdc1b2fa43ac800d4c5fd150e3ff512c80ecfc3121955e8acdfd1e2
RM069,ACCEPTED_EDGE,has_property,classification_structure,yes,c03e9a798cdc1b2fa43ac800d4c5fd150e3ff512c80ecfc3121955e8acdfd1e2
RM070,ACCEPTED_EDGE,connected_to,classification_structure,no,c03e9a798cdc1b2fa43ac800d4c5fd150e3ff512c80ecfc3121955e8acdfd1e2
RM071,ACCEPTED_EDGE,causes,cause_effect,yes,c03e9a798cdc1b2fa43ac800d4c5fd150e3ff512c80ecfc3121955e8acdfd1e2
RM072,ACCEPTED_EDGE,connected_to,classification_structure,no,c03e9a798cdc1b2fa43ac800d4c5fd150e3ff512c80ecfc3121955e8acdfd1e2
RM073,ACCEPTED_EDGE,connected_to,classification_structure,yes,c03e9a798cdc1b2fa43ac800d4c5fd150e3ff512c80ecfc3121955e8acdfd1e2
RM074,ACCEPTED_EDGE,has_purpose,function_means,no,c03e9a798cdc1b2fa43ac800d4c5fd150e3ff512c80ecfc3121955e8acdfd1e2
RM075,ACCEPTED_EDGE,part_of,classification_structure,yes,c03e9a798cdc1b2fa43ac800d4c5fd150e3ff512c80ecfc3121955e8acdfd1e2
RM076,OTHER_NEAR_MISS,other,classification_structure,no,c03e9a798cdc1b2fa43ac800d4c5fd150e3ff512c80ecfc3121955e8acdfd1e2
RM077,ACCEPTED_EDGE,acts_on,mechanism_process,no,c03e9a798cdc1b2fa43ac800d4c5fd150e3ff512c80ecfc3121955e8acdfd1e2
RM078,ACCEPTED_EDGE,has_purpose,function_means,no,c03e9a798cdc1b2fa43ac800d4c5fd150e3ff512c80ecfc3121955e8acdfd1e2
RM079,NO_RELATION,,no_relation,no,c03e9a798cdc1b2fa43ac800d4c5fd150e3ff512c80ecfc3121955e8acdfd1e2
RM080,ACCEPTED_EDGE,increases,cause_effect,yes,c03e9a798cdc1b2fa43ac800d4c5fd150e3ff512c80ecfc3121955e8acdfd1e2
RM081,ACCEPTED_EDGE,requires,dependency,no,c03e9a798cdc1b2fa43ac800d4c5fd150e3ff512c80ecfc3121955e8acdfd1e2
RM082,ACCEPTED_EDGE,precedes,mechanism_process,yes,c03e9a798cdc1b2fa43ac800d4c5fd150e3ff512c80ecfc3121955e8acdfd1e2
RM083,ACCEPTED_EDGE,uses,function_means,yes,c03e9a798cdc1b2fa43ac800d4c5fd150e3ff512c80ecfc3121955e8acdfd1e2
RM084,ACCEPTED_EDGE,is_a,classification_structure,yes,c03e9a798cdc1b2fa43ac800d4c5fd150e3ff512c80ecfc3121955e8acdfd1e2
RM085,ACCEPTED_EDGE,connected_to,classification_structure,yes,c03e9a798cdc1b2fa43ac800d4c5fd150e3ff512c80ecfc3121955e8acdfd1e2
RM086,NO_RELATION,,no_relation,yes,c03e9a798cdc1b2fa43ac800d4c5fd150e3ff512c80ecfc3121955e8acdfd1e2
RM087,OTHER_NEAR_MISS,other,classification_structure,no,c03e9a798cdc1b2fa43ac800d4c5fd150e3ff512c80ecfc3121955e8acdfd1e2
RM088,OTHER_NEAR_MISS,other,function_means,yes,c03e9a798cdc1b2fa43ac800d4c5fd150e3ff512c80ecfc3121955e8acdfd1e2
RM089,OTHER_NEAR_MISS,other,classification_structure,no,c03e9a798cdc1b2fa43ac800d4c5fd150e3ff512c80ecfc3121955e8acdfd1e2
RM090,ACCEPTED_EDGE,precedes,mechanism_process,yes,c03e9a798cdc1b2fa43ac800d4c5fd150e3ff512c80ecfc3121955e8acdfd1e2
RM091,ACCEPTED_EDGE,performs,mechanism_process,no,c03e9a798cdc1b2fa43ac800d4c5fd150e3ff512c80ecfc3121955e8acdfd1e2
RM092,OTHER_NEAR_MISS,has_purpose,function_means,yes,c03e9a798cdc1b2fa43ac800d4c5fd150e3ff512c80ecfc3121955e8acdfd1e2
RM093,ACCEPTED_EDGE,connected_to,classification_structure,no,c03e9a798cdc1b2fa43ac800d4c5fd150e3ff512c80ecfc3121955e8acdfd1e2
RM094,OTHER_NEAR_MISS,other,classification_structure,no,c03e9a798cdc1b2fa43ac800d4c5fd150e3ff512c80ecfc3121955e8acdfd1e2
RM095,ACCEPTED_EDGE,uses,function_means,no,c03e9a798cdc1b2fa43ac800d4c5fd150e3ff512c80ecfc3121955e8acdfd1e2
RM096,ACCEPTED_EDGE,has_property,classification_structure,no,c03e9a798cdc1b2fa43ac800d4c5fd150e3ff512c80ecfc3121955e8acdfd1e2
RM097,ACCEPTED_EDGE,has_property,classification_structure,yes,c03e9a798cdc1b2fa43ac800d4c5fd150e3ff512c80ecfc3121955e8acdfd1e2
RM098,ACCEPTED_EDGE,contrasts_with,comparison,yes,c03e9a798cdc1b2fa43ac800d4c5fd150e3ff512c80ecfc3121955e8acdfd1e2
RM099,ACCEPTED_EDGE,acts_on,mechanism_process,no,c03e9a798cdc1b2fa43ac800d4c5fd150e3ff512c80ecfc3121955e8acdfd1e2
RM100,OTHER_NEAR_MISS,other,function_means,yes,c03e9a798cdc1b2fa43ac800d4c5fd150e3ff512c80ecfc3121955e8acdfd1e2
RM101,ACCEPTED_EDGE,performs,mechanism_process,yes,c03e9a798cdc1b2fa43ac800d4c5fd150e3ff512c80ecfc3121955e8acdfd1e2
RM102,ACCEPTED_EDGE,has_property,classification_structure,no,c03e9a798cdc1b2fa43ac800d4c5fd150e3ff512c80ecfc3121955e8acdfd1e2
RM103,ACCEPTED_EDGE,has_purpose,function_means,no,c03e9a798cdc1b2fa43ac800d4c5fd150e3ff512c80ecfc3121955e8acdfd1e2
RM104,ACCEPTED_EDGE,causes,cause_effect,no,c03e9a798cdc1b2fa43ac800d4c5fd150e3ff512c80ecfc3121955e8acdfd1e2
RM105,ACCEPTED_EDGE,contrasts_with,comparison,yes,c03e9a798cdc1b2fa43ac800d4c5fd150e3ff512c80ecfc3121955e8acdfd1e2
RM106,ACCEPTED_EDGE,has_property,classification_structure,no,c03e9a798cdc1b2fa43ac800d4c5fd150e3ff512c80ecfc3121955e8acdfd1e2
RM107,ACCEPTED_EDGE,acts_on,mechanism_process,no,c03e9a798cdc1b2fa43ac800d4c5fd150e3ff512c80ecfc3121955e8acdfd1e2
RM108,ACCEPTED_EDGE,has_property,classification_structure,no,c03e9a798cdc1b2fa43ac800d4c5fd150e3ff512c80ecfc3121955e8acdfd1e2
RM109,ACCEPTED_EDGE,part_of,classification_structure,yes,c03e9a798cdc1b2fa43ac800d4c5fd150e3ff512c80ecfc3121955e8acdfd1e2
RM110,NO_RELATION,,no_relation,no,c03e9a798cdc1b2fa43ac800d4c5fd150e3ff512c80ecfc3121955e8acdfd1e2
RM111,ACCEPTED_EDGE,is_a,classification_structure,yes,c03e9a798cdc1b2fa43ac800d4c5fd150e3ff512c80ecfc3121955e8acdfd1e2
RM112,NO_RELATION,,no_relation,no,c03e9a798cdc1b2fa43ac800d4c5fd150e3ff512c80ecfc3121955e8acdfd1e2
RM113,ACCEPTED_EDGE,acts_on,mechanism_process,yes,c03e9a798cdc1b2fa43ac800d4c5fd150e3ff512c80ecfc3121955e8acdfd1e2
RM114,ACCEPTED_EDGE,has_purpose,function_means,yes,c03e9a798cdc1b2fa43ac800d4c5fd150e3ff512c80ecfc3121955e8acdfd1e2
RM115,ACCEPTED_EDGE,performs,mechanism_process,no,c03e9a798cdc1b2fa43ac800d4c5fd150e3ff512c80ecfc3121955e8acdfd1e2
RM116,ACCEPTED_EDGE,has_purpose,function_means,yes,c03e9a798cdc1b2fa43ac800d4c5fd150e3ff512c80ecfc3121955e8acdfd1e2
RM117,ACCEPTED_EDGE,has_property,classification_structure,no,c03e9a798cdc1b2fa43ac800d4c5fd150e3ff512c80ecfc3121955e8acdfd1e2
RM118,OTHER_NEAR_MISS,has_purpose,function_means,no,c03e9a798cdc1b2fa43ac800d4c5fd150e3ff512c80ecfc3121955e8acdfd1e2
RM119,ACCEPTED_EDGE,requires,dependency,yes,c03e9a798cdc1b2fa43ac800d4c5fd150e3ff512c80ecfc3121955e8acdfd1e2
RM120,ACCEPTED_EDGE,has_purpose,function_means,no,c03e9a798cdc1b2fa43ac800d4c5fd150e3ff512c80ecfc3121955e8acdfd1e2
RM121,ACCEPTED_EDGE,uses,function_means,no,c03e9a798cdc1b2fa43ac800d4c5fd150e3ff512c80ecfc3121955e8acdfd1e2
RM122,ACCEPTED_EDGE,requires,dependency,yes,c03e9a798cdc1b2fa43ac800d4c5fd150e3ff512c80ecfc3121955e8acdfd1e2
RM123,ACCEPTED_EDGE,requires,dependency,no,c03e9a798cdc1b2fa43ac800d4c5fd150e3ff512c80ecfc3121955e8acdfd1e2
RM124,ACCEPTED_EDGE,has_property,classification_structure,no,c03e9a798cdc1b2fa43ac800d4c5fd150e3ff512c80ecfc3121955e8acdfd1e2
RM125,NO_RELATION,,no_relation,no,c03e9a798cdc1b2fa43ac800d4c5fd150e3ff512c80ecfc3121955e8acdfd1e2
RM126,ACCEPTED_EDGE,has_purpose,function_means,no,c03e9a798cdc1b2fa43ac800d4c5fd150e3ff512c80ecfc3121955e8acdfd1e2
RM127,ACCEPTED_EDGE,connected_to,classification_structure,no,c03e9a798cdc1b2fa43ac800d4c5fd150e3ff512c80ecfc3121955e8acdfd1e2
RM128,ACCEPTED_EDGE,part_of,classification_structure,no,c03e9a798cdc1b2fa43ac800d4c5fd150e3ff512c80ecfc3121955e8acdfd1e2
RM129,ACCEPTED_EDGE,uses,function_means,no,c03e9a798cdc1b2fa43ac800d4c5fd150e3ff512c80ecfc3121955e8acdfd1e2
RM130,ACCEPTED_EDGE,increases,cause_effect,yes,c03e9a798cdc1b2fa43ac800d4c5fd150e3ff512c80ecfc3121955e8acdfd1e2
RM131,OTHER_NEAR_MISS,other,classification_structure,no,c03e9a798cdc1b2fa43ac800d4c5fd150e3ff512c80ecfc3121955e8acdfd1e2
RM132,ACCEPTED_EDGE,requires,dependency,no,c03e9a798cdc1b2fa43ac800d4c5fd150e3ff512c80ecfc3121955e8acdfd1e2
RM133,NO_RELATION,,no_relation,no,c03e9a798cdc1b2fa43ac800d4c5fd150e3ff512c80ecfc3121955e8acdfd1e2
RM134,OTHER_NEAR_MISS,other,function_means,no,c03e9a798cdc1b2fa43ac800d4c5fd150e3ff512c80ecfc3121955e8acdfd1e2
RM135,ACCEPTED_EDGE,is_a,classification_structure,no,c03e9a798cdc1b2fa43ac800d4c5fd150e3ff512c80ecfc3121955e8acdfd1e2
RM136,ACCEPTED_EDGE,has_purpose,function_means,no,c03e9a798cdc1b2fa43ac800d4c5fd150e3ff512c80ecfc3121955e8acdfd1e2
RM137,ACCEPTED_EDGE,uses,function_means,yes,c03e9a798cdc1b2fa43ac800d4c5fd150e3ff512c80ecfc3121955e8acdfd1e2
RM138,NO_RELATION,,no_relation,no,c03e9a798cdc1b2fa43ac800d4c5fd150e3ff512c80ecfc3121955e8acdfd1e2
RM139,ACCEPTED_EDGE,performs,mechanism_process,no,c03e9a798cdc1b2fa43ac800d4c5fd150e3ff512c80ecfc3121955e8acdfd1e2
RM140,ACCEPTED_EDGE,decreases,cause_effect,yes,c03e9a798cdc1b2fa43ac800d4c5fd150e3ff512c80ecfc3121955e8acdfd1e2
RM141,ACCEPTED_EDGE,has_property,classification_structure,no,c03e9a798cdc1b2fa43ac800d4c5fd150e3ff512c80ecfc3121955e8acdfd1e2
RM142,ACCEPTED_EDGE,part_of,classification_structure,no,c03e9a798cdc1b2fa43ac800d4c5fd150e3ff512c80ecfc3121955e8acdfd1e2
RM143,OTHER_NEAR_MISS,other,comparison,no,c03e9a798cdc1b2fa43ac800d4c5fd150e3ff512c80ecfc3121955e8acdfd1e2
RM144,NO_RELATION,,no_relation,no,c03e9a798cdc1b2fa43ac800d4c5fd150e3ff512c80ecfc3121955e8acdfd1e2
RM145,ACCEPTED_EDGE,connected_to,classification_structure,no,c03e9a798cdc1b2fa43ac800d4c5fd150e3ff512c80ecfc3121955e8acdfd1e2
RM146,ACCEPTED_EDGE,decreases,cause_effect,no,c03e9a798cdc1b2fa43ac800d4c5fd150e3ff512c80ecfc3121955e8acdfd1e2
RM147,ACCEPTED_EDGE,connected_to,classification_structure,no,c03e9a798cdc1b2fa43ac800d4c5fd150e3ff512c80ecfc3121955e8acdfd1e2
RM148,OTHER_NEAR_MISS,other,mechanism_process,no,c03e9a798cdc1b2fa43ac800d4c5fd150e3ff512c80ecfc3121955e8acdfd1e2
RM149,NO_RELATION,,no_relation,no,c03e9a798cdc1b2fa43ac800d4c5fd150e3ff512c80ecfc3121955e8acdfd1e2
RM150,ACCEPTED_EDGE,is_a,classification_structure,no,c03e9a798cdc1b2fa43ac800d4c5fd150e3ff512c80ecfc3121955e8acdfd1e2
RM151,NO_RELATION,,no_relation,no,c03e9a798cdc1b2fa43ac800d4c5fd150e3ff512c80ecfc3121955e8acdfd1e2
RM152,ACCEPTED_EDGE,requires,dependency,no,c03e9a798cdc1b2fa43ac800d4c5fd150e3ff512c80ecfc3121955e8acdfd1e2
RM153,ACCEPTED_EDGE,uses,function_means,no,c03e9a798cdc1b2fa43ac800d4c5fd150e3ff512c80ecfc3121955e8acdfd1e2
RM154,OTHER_NEAR_MISS,other,mechanism_process,no,c03e9a798cdc1b2fa43ac800d4c5fd150e3ff512c80ecfc3121955e8acdfd1e2
RM155,ACCEPTED_EDGE,is_a,classification_structure,no,c03e9a798cdc1b2fa43ac800d4c5fd150e3ff512c80ecfc3121955e8acdfd1e2
RM156,ACCEPTED_EDGE,is_a,classification_structure,no,c03e9a798cdc1b2fa43ac800d4c5fd150e3ff512c80ecfc3121955e8acdfd1e2
RM157,NO_RELATION,,no_relation,no,c03e9a798cdc1b2fa43ac800d4c5fd150e3ff512c80ecfc3121955e8acdfd1e2
RM158,ACCEPTED_EDGE,has_property,classification_structure,no,c03e9a798cdc1b2fa43ac800d4c5fd150e3ff512c80ecfc3121955e8acdfd1e2
RM159,ACCEPTED_EDGE,has_purpose,function_means,no,c03e9a798cdc1b2fa43ac800d4c5fd150e3ff512c80ecfc3121955e8acdfd1e2
RM160,ACCEPTED_EDGE,increases,cause_effect,no,c03e9a798cdc1b2fa43ac800d4c5fd150e3ff512c80ecfc3121955e8acdfd1e2
RM161,ACCEPTED_EDGE,has_purpose,function_means,no,c03e9a798cdc1b2fa43ac800d4c5fd150e3ff512c80ecfc3121955e8acdfd1e2
RM162,ACCEPTED_EDGE,uses,function_means,no,c03e9a798cdc1b2fa43ac800d4c5fd150e3ff512c80ecfc3121955e8acdfd1e2
RM163,NO_RELATION,,no_relation,yes,c03e9a798cdc1b2fa43ac800d4c5fd150e3ff512c80ecfc3121955e8acdfd1e2
RM164,ACCEPTED_EDGE,part_of,classification_structure,yes,c03e9a798cdc1b2fa43ac800d4c5fd150e3ff512c80ecfc3121955e8acdfd1e2
RM165,NO_RELATION,contrasts_with,comparison,yes,c03e9a798cdc1b2fa43ac800d4c5fd150e3ff512c80ecfc3121955e8acdfd1e2
RM166,NO_RELATION,,no_relation,yes,c03e9a798cdc1b2fa43ac800d4c5fd150e3ff512c80ecfc3121955e8acdfd1e2
RM167,NO_RELATION,,no_relation,yes,c03e9a798cdc1b2fa43ac800d4c5fd150e3ff512c80ecfc3121955e8acdfd1e2
RM168,ACCEPTED_EDGE,performs,mechanism_process,no,c03e9a798cdc1b2fa43ac800d4c5fd150e3ff512c80ecfc3121955e8acdfd1e2
RM169,ACCEPTED_EDGE,uses,function_means,yes,c03e9a798cdc1b2fa43ac800d4c5fd150e3ff512c80ecfc3121955e8acdfd1e2
RM170,ACCEPTED_EDGE,part_of,classification_structure,no,c03e9a798cdc1b2fa43ac800d4c5fd150e3ff512c80ecfc3121955e8acdfd1e2
RM171,OTHER_NEAR_MISS,other,cause_effect,no,c03e9a798cdc1b2fa43ac800d4c5fd150e3ff512c80ecfc3121955e8acdfd1e2
RM172,ACCEPTED_EDGE,is_a,classification_structure,no,c03e9a798cdc1b2fa43ac800d4c5fd150e3ff512c80ecfc3121955e8acdfd1e2
RM173,ACCEPTED_EDGE,uses,function_means,no,c03e9a798cdc1b2fa43ac800d4c5fd150e3ff512c80ecfc3121955e8acdfd1e2
RM174,ACCEPTED_EDGE,acts_on,mechanism_process,no,c03e9a798cdc1b2fa43ac800d4c5fd150e3ff512c80ecfc3121955e8acdfd1e2
RM175,ACCEPTED_EDGE,is_a,classification_structure,yes,c03e9a798cdc1b2fa43ac800d4c5fd150e3ff512c80ecfc3121955e8acdfd1e2
RM176,ACCEPTED_EDGE,has_purpose,function_means,no,c03e9a798cdc1b2fa43ac800d4c5fd150e3ff512c80ecfc3121955e8acdfd1e2
RM177,NO_RELATION,,no_relation,yes,c03e9a798cdc1b2fa43ac800d4c5fd150e3ff512c80ecfc3121955e8acdfd1e2
RM178,NO_RELATION,contrasts_with,comparison,yes,c03e9a798cdc1b2fa43ac800d4c5fd150e3ff512c80ecfc3121955e8acdfd1e2
RM179,ACCEPTED_EDGE,performs,mechanism_process,no,c03e9a798cdc1b2fa43ac800d4c5fd150e3ff512c80ecfc3121955e8acdfd1e2
RM180,NO_RELATION,,no_relation,no,c03e9a798cdc1b2fa43ac800d4c5fd150e3ff512c80ecfc3121955e8acdfd1e2
