item_id,split,stratum,kind,pair_id,section_id,concept_x_id,concept_y_id,name_x,name_y,shown_a,concept_a,concept_b,sentence,current_outcome,current_family,current_relation,current_direction,current_qualifiers,current_reason,other_suggested_label
RM001,dev,OTHER_NEAR_MISS,other,RP-3-problem-not-all-networks-are-directly-connected-11,3-problem-not-all-networks-are-directly-connected,c_global_network,c_multiple_access_network,global network,multiple-access network,x,global network,multiple-access network,"To build a global network, we need a way to interconnect these different types of links and multi-access networks.",other,dependency,other,forward,{},relation_other,interconnects
RM002,test,ACCEPTED_EDGE,edge,RP-1.3-272,1.3,c_teleconferencing,c_audio_stream,teleconferencing,audio stream,y,audio stream,teleconferencing,"For example, it might manage an audio stream and a video stream that are being combined in a teleconferencing application.",edge,function_means,uses,forward,"{""action_type"": null, ""conditions"": [], ""dimension"": null, ""modality"": ""possible"", ""part_type"": null, ""polarity"": ""affirmed"", ""surface_phrase"": ""are being combined in a""}",,
RM003,test,OTHER_NEAR_MISS,near_miss,RP-1.3-0,1.3,c_message,c_request_reply_protocol,message,request/reply protocol,x,message,request/reply protocol,"For example, a request/reply protocol would support operations by which an application can send and receive messages.",rejected,function_means,has_purpose,reversed,{},domain_range,
RM004,test,ACCEPTED_EDGE,edge,RP-2-perspective-race-to-the-edge-119,2-perspective-race-to-the-edge,c_edge_cluster,c_edge_presence,edge cluster,edge presence,x,edge cluster,edge presence,"On the one hand, cloud providers believe that by saturating metro areas with edge clusters and abstracting away the access network, they can build an edge presence with low enough latency and high enough bandwidth to serve the next generation of edge applications.",edge,function_means,has_purpose,forward,"{""action_type"": null, ""conditions"": [""saturating metro areas with edge clusters"", ""abstracting away the access network""], ""dimension"": null, ""modality"": ""possible"", ""part_type"": null, ""polarity"": ""affirmed"", ""surface_phrase"": ""they can build""}",,
RM005,test,ACCEPTED_EDGE,edge,RP-3.1-648,3.1,c_star_topology,c_switch,star topology,switch,y,switch,star topology,a switch adds the star topology,edge,cause_effect,causes,reversed,"{""action_type"": null, ""conditions"": [], ""dimension"": null, ""modality"": ""typically"", ""part_type"": null, ""polarity"": ""affirmed"", ""surface_phrase"": ""adds""}",,
RM006,test,ACCEPTED_EDGE,edge,AP-710,3.4,c_low_speed_terrestrial_link,c_link,low-speed terrestrial link,link,y,link,low-speed terrestrial link,than a low-speed terrestrial link,edge,classification_structure,is_a,forward,"{""action_type"": null, ""conditions"": [], ""dimension"": null, ""modality"": ""always"", ""part_type"": null, ""polarity"": ""affirmed"", ""surface_phrase"": ""low-speed terrestrial link""}",,
RM007,test,OTHER_NEAR_MISS,other,RP-2-problem-connecting-to-a-network-25,2-problem-connecting-to-a-network,c_open_systems_interconnection_architecture,c_layer_2_connectivity,Open Systems Interconnection architecture,Layer 2 connectivity,x,Open Systems Interconnection architecture,Layer 2 connectivity,"Five additional problems must be addressed before the nodes can successfully exchange packets, and once addressed, we will have provided Layer 2 (L2) connectivity (using terminology from the OSI architecture).",other,classification_structure,other,forward,{},relation_other,uses terminology from
RM008,test,NO_RELATION,no_relation,AP-573,3.2,c_multicast_group,c_multicast,multicast group,multicast,x,multicast group,multicast,any particular multicast group,no_relation,no_relation,,,{},family_no_relation,
RM009,test,OTHER_NEAR_MISS,other,RP-3.1-6,3.1,c_connection,c_switch,connection,switch,x,connection,switch,The connection state for a single connection consists of an entry in a “VC table” in each switch through which the connection passes.,other,classification_structure,other,forward,{},relation_other,passes through
RM010,dev,ACCEPTED_EDGE,edge,RP-2.5-291,2.5,c_msgstriphdr,c_header,msgStripHdr,header,y,header,msgStripHdr,msgStripHdr and load_swp_hdr to extract the header from the frame,edge,mechanism_process,acts_on,forward,"{""action_type"": ""other"", ""conditions"": [], ""dimension"": null, ""modality"": ""typically"", ""part_type"": null, ""polarity"": ""affirmed"", ""surface_phrase"": ""and load_swp_hdr to extract the""}",,
RM011,test,ACCEPTED_EDGE,edge,RP-3-perspective-virtual-networks-all-the-way-down-3,3-perspective-virtual-networks-all-the-way-down,c_abstraction,c_virtual_memory,abstraction,virtual memory,x,abstraction,virtual memory,"Virtual memory creates an abstraction of a large and private pool of memory, even though the underlying physical memory may be shared by many applications and considerably smaller that the apparent pool of virtual memory.",edge,cause_effect,causes,reversed,"{""action_type"": null, ""conditions"": [], ""dimension"": null, ""modality"": ""always"", ""part_type"": null, ""polarity"": ""affirmed"", ""surface_phrase"": ""creates""}",,
RM012,test,NO_RELATION,no_relation,AP-456,2.8,c_orthogonal_frequency_division_multiple_access,c_frequency_division_multiplexing,Orthogonal Frequency-Division Multiple Access,frequency-division multiplexing,x,Orthogonal Frequency-Division Multiple Access,frequency-division multiplexing,Orthogonal Frequency-Division Multiple Access (OFDMA),no_relation,no_relation,,,{},family_no_relation,
RM013,dev,ACCEPTED_EDGE,edge,RP-3.3-304,3.3,c_byte,c_offset_field,byte,Offset field,y,Offset field,byte,"The data carried in the second fragment starts with the 513th byte of the original data, so the Offset field in this header is set to 64, which is 512/8.",edge,cause_effect,increases,forward,"{""action_type"": null, ""conditions"": [""The data carried in the second fragment starts with the 513th byte of the original data""], ""dimension"": ""starting byte position and Offset field value"", ""modality"": ""necessary"", ""part_type"": null, ""polarity"": ""affirmed"", ""surface_phrase"": ""so the Offset field in this header is set to 64""}",,
RM014,test,OTHER_NEAR_MISS,other,RP-1.3-61,1.3,c_operation,c_protocol,operation,protocol,y,protocol,operation,This service interface defines the operations that local objects can perform on the protocol.,other,mechanism_process,other,forward,{},relation_other,performed on
RM015,dev,ACCEPTED_EDGE,edge,RP-2.7-120,2.7,c_fromds,c_control_field,FromDS,Control field,y,Control field,FromDS,"The Control field contains three subfields of interest (not shown): a 6-bit Type field that indicates whether the frame carries data, is an RTS or CTS frame, or is being used by the scanning algorithm, and a pair of 1-bit fields—called ToDS and FromDS—that are described below.",edge,classification_structure,part_of,forward,"{""action_type"": null, ""conditions"": [], ""dimension"": null, ""modality"": ""always"", ""part_type"": ""component"", ""polarity"": ""affirmed"", ""surface_phrase"": ""contains three subfields of interest""}",,
RM016,test,OTHER_NEAR_MISS,near_miss,RP-2.4-233,2.4,c_error_correction,c_error_correcting_code,error correction,error-correcting code,y,error-correcting code,error correction,A code that enables error correction is called an error-correcting code (ECC).,rejected,function_means,has_purpose,reversed,{},domain_range,
RM017,test,ACCEPTED_EDGE,edge,MP-12,3.1,c_hardware_switch,c_cell,hardware switch,cell,x,hardware switch,cell,It would be overstating the case to say that fast parallel hardware switches can only be built using fixed-length cells.,edge,dependency,requires,forward,"{""action_type"": null, ""conditions"": [""fast parallel""], ""corrects_intuition"": false, ""dimension"": null, ""intuition"": null, ""modality"": ""necessary"", ""part_type"": null, ""polarity"": ""negated"", ""surface_phrase"": ""can only be built using""}",,
RM018,test,NO_RELATION,no_relation,RP-2-problem-connecting-to-a-network-102,2-problem-connecting-to-a-network,c_sonet,c_pon,SONET,PON,y,PON,SONET,This chapter considers these issues in the context of specific network technologies: point-to-point fiber links (for which SONET is the prevalent example); Carrier Sense Multiple Access (CSMA) networks (of which classical Ethernet and Wi-Fi are the most famous examples); fiber-to-the home (for which PON is the dominant standard); and mobile wireless (where 4G is rapidly morphing into 5G).,no_relation,no_relation,,,{},family_no_relation,
RM019,dev,OTHER_NEAR_MISS,other,RP-1.4-1,1.4,c_connection,c_socket,connection,socket,x,connection,socket,The listen operation then defines how many connections can be pending on the specified socket.,other,classification_structure,other,forward,{},relation_other,can be pending on
RM020,test,ACCEPTED_EDGE,edge,RP-2.8-18,2.8,c_broadband_network_gateway,c_internet,Broadband Network Gateway,Internet,x,Broadband Network Gateway,Internet,the gateway between the access network (everything to the left of the BNG) and the Internet,edge,classification_structure,connected_to,forward,"{""action_type"": null, ""conditions"": [], ""dimension"": null, ""modality"": ""always"", ""part_type"": null, ""polarity"": ""affirmed"", ""surface_phrase"": ""between the access network (everything to the left of the BNG) and the Internet""}",,
RM021,dev,ACCEPTED_EDGE,edge,RP-2.2-77,2.2,c_transition,c_clock_drift,transition,clock drift,x,transition,clock drift,"However, a long period of time without such a transition leads to clock drift.",edge,cause_effect,prevents,forward,"{""action_type"": null, ""conditions"": [""a long period of time""], ""dimension"": null, ""modality"": ""always"", ""part_type"": null, ""polarity"": ""affirmed"", ""surface_phrase"": ""without such a transition leads to""}",,
RM022,test,OTHER_NEAR_MISS,other,RP-2-perspective-race-to-the-edge-151,2-perspective-race-to-the-edge,c_access_edge_cloud,c_network,access-edge cloud,network,y,network,access-edge cloud,"In short, the access network has historically been the purview of the Telcos, CableCos, and the vendors that sell them proprietary boxes, but the softwarization and virtualization of the access network opens the door for anyone (from smart cities to underserved rural areas to apartment complexes to manufacturing plants) to establish an access-edge cloud and connect it to the public Internet.",other,cause_effect,other,forward,{},relation_other,enables establishment of
RM023,test,ACCEPTED_EDGE,edge,RP-2.3-27,2.3,c_frame,c_count_field,frame,count field,y,count field,frame,"One danger with this approach is that a transmission error could corrupt the count field, in which case the end of the frame would not be correctly detected.",edge,dependency,requires,forward,"{""action_type"": null, ""conditions"": [""a transmission error could corrupt the count field""], ""dimension"": null, ""modality"": ""necessary"", ""part_type"": null, ""polarity"": ""affirmed"", ""surface_phrase"": ""in which case""}",,
RM024,test,OTHER_NEAR_MISS,other,RP-2.3-410,2.3,c_sentinel_character,c_frame,sentinel character,frame,y,frame,sentinel character,sentinel characters to indicate where frames start and end,other,function_means,other,forward,{},relation_other,delimits
RM025,test,ACCEPTED_EDGE,edge,RP-3.1-601,3.1,c_ingress,c_network,ingress,network,y,network,ingress,the first switch at the ingress to the network,edge,classification_structure,part_of,forward,"{""action_type"": null, ""conditions"": [], ""dimension"": null, ""modality"": ""always"", ""part_type"": ""component"", ""polarity"": ""affirmed"", ""surface_phrase"": ""to the""}",,
RM026,test,NO_RELATION,no_relation,RP-2.3-194,2.3,c_instructions,c_ascii,instructions,ASCII,x,instructions,ASCII,"These bits might come from some character set, such as ASCII; they might be pixel values in an image; or they could be instructions and operands from an executable file.",no_relation,no_relation,,,{},family_no_relation,
RM027,test,ACCEPTED_EDGE,edge,RP-3.5-244,3.5,c_throughput_rate,c_asic,throughput rate,ASIC,x,throughput rate,ASIC,"While it was possible to build low-end routers and switches using commodity servers running C programs, ASICs were required to achieve the required throughput rates.",edge,dependency,requires,forward,"{""action_type"": null, ""conditions"": [], ""dimension"": null, ""modality"": ""necessary"", ""part_type"": null, ""polarity"": ""affirmed"", ""surface_phrase"": ""were required to achieve""}",,
RM028,test,ACCEPTED_EDGE,edge,RP-2.6-5,2.6,c_node,c_frame,node,frame,x,node,frame,"As indicated by the CSMA name, the Ethernet is a multiple-access network, meaning that a set of nodes sends and receives frames over a shared link.",edge,mechanism_process,acts_on,forward,"{""action_type"": ""send"", ""conditions"": [""over a shared link""], ""dimension"": null, ""modality"": ""always"", ""part_type"": null, ""polarity"": ""affirmed"", ""surface_phrase"": ""sends and receives""}",,
RM029,test,ACCEPTED_EDGE,edge,RP-3.2-35,3.2,c_network,c_layer_2_switch,network,Layer 2 switch,y,Layer 2 switch,network,"The switches used to build such networks, which are often referred to as L2 switches, are widely used in campus and enterprise networks.",edge,function_means,has_purpose,reversed,"{""action_type"": null, ""conditions"": [], ""dimension"": null, ""modality"": ""typically"", ""part_type"": null, ""polarity"": ""affirmed"", ""surface_phrase"": ""used to build such networks""}",,
RM030,test,ACCEPTED_EDGE,edge,RP-1.2-307,1.2,c_broadcast_address,c_network,broadcast address,network,y,network,broadcast address,another requirement of a network is that it supports multicast and broadcast addresses,edge,dependency,requires,reversed,"{""action_type"": null, ""conditions"": [], ""dimension"": null, ""modality"": ""necessary"", ""part_type"": null, ""polarity"": ""affirmed"", ""surface_phrase"": ""requirement of a network is that it supports multicast and broadcast addresses""}",,
RM031,test,ACCEPTED_EDGE,edge,RP-3.1-682,3.1,c_x_25,c_virtual_circuit,X.25,virtual circuit,x,X.25,virtual circuit,"There have been a number of successful examples of virtual circuit technologies over the years, notably X.25, Frame Relay, and Asynchronous Transfer Mode (ATM).",edge,classification_structure,is_a,forward,"{""action_type"": null, ""conditions"": [], ""dimension"": null, ""modality"": ""always"", ""part_type"": null, ""polarity"": ""affirmed"", ""surface_phrase"": ""notably""}",,
RM032,test,ACCEPTED_EDGE,edge,AP-146,1.3,c_transport_protocol,c_protocol,transport protocol,protocol,x,transport protocol,protocol,it is equally correct to refer to them as transport protocols,edge,classification_structure,is_a,forward,"{""action_type"": null, ""conditions"": [], ""dimension"": null, ""modality"": ""always"", ""part_type"": null, ""polarity"": ""affirmed"", ""surface_phrase"": ""refer to them as transport protocols""}",,
RM033,test,ACCEPTED_EDGE,edge,RP-1.3-5,1.3,c_application,c_request_reply_protocol,application,request/reply protocol,x,application,request/reply protocol,"For example, a request/reply protocol would support operations by which an application can send and receive messages.",edge,function_means,uses,forward,"{""action_type"": null, ""conditions"": [], ""dimension"": null, ""modality"": ""possible"", ""part_type"": null, ""polarity"": ""affirmed"", ""surface_phrase"": ""a request/reply protocol would support operations by which an application can send and receive messages""}",,
RM034,test,NO_RELATION,no_relation,AP-549,3.2,c_learning_bridge_algorithm,c_bridge,learning bridge algorithm,bridge,y,bridge,learning bridge algorithm,The code that implements the learning bridge algorithm,no_relation,no_relation,,,{},family_no_relation,
RM035,test,ACCEPTED_EDGE,edge,RP-3.1-166,3.1,c_path,c_strict_source_route,path,strict source route,x,path,strict source route,"In a strict source route, every node along the path must be specified, whereas a loose source route only specifies a set of nodes to be traversed, without saying exactly how to get from one node to the next.",edge,dependency,requires,reversed,"{""action_type"": null, ""conditions"": [], ""dimension"": null, ""modality"": ""necessary"", ""part_type"": null, ""polarity"": ""affirmed"", ""surface_phrase"": ""must be specified""}",,
RM036,test,ACCEPTED_EDGE,edge,AP-29,1.2,c_network_resource,c_network,network resource,network,x,network resource,network,network resources are efficiently utilized and fairly allocated,edge,classification_structure,part_of,forward,"{""action_type"": null, ""conditions"": [], ""dimension"": null, ""modality"": ""necessary"", ""part_type"": ""component"", ""polarity"": ""affirmed"", ""surface_phrase"": ""network resources""}",,
RM037,dev,OTHER_NEAR_MISS,other,RP-1.1-121,1.1,c_video_flow,c_video,video flow,video,y,video,video flow,audio and/or video flows in both directions,other,mechanism_process,other,forward,{},relation_other,is flow of
RM038,test,ACCEPTED_EDGE,edge,RP-1.2-24,1.2,c_service,c_application,service,application,x,service,application,the services that his or her application needs,edge,dependency,requires,reversed,"{""action_type"": null, ""conditions"": [], ""dimension"": null, ""modality"": ""necessary"", ""part_type"": null, ""polarity"": ""affirmed"", ""surface_phrase"": ""needs""}",,
RM039,dev,ACCEPTED_EDGE,edge,RP-2.7-617,2.7,c_frequency_hopping,c_pseudorandom_number_generator,frequency hopping,pseudorandom number generator,x,frequency hopping,pseudorandom number generator,"As with frequency hopping, the sequence of random bits is generated by a pseudorandom number generator known to both the sender and the receiver.",edge,function_means,uses,forward,"{""action_type"": null, ""conditions"": [], ""dimension"": null, ""modality"": ""always"", ""part_type"": null, ""polarity"": ""affirmed"", ""surface_phrase"": ""As with frequency hopping, the sequence of random bits is generated by a pseudorandom number generator""}",,
RM040,dev,ACCEPTED_EDGE,edge,RP-1.4-221,1.4,c_passive_open,c_application_process,passive open,application process,y,application process,passive open,the application process performs a passive open,edge,mechanism_process,performs,reversed,"{""action_type"": null, ""conditions"": [], ""dimension"": null, ""modality"": ""always"", ""part_type"": null, ""polarity"": ""affirmed"", ""surface_phrase"": ""performs""}",,
RM041,test,NO_RELATION,no_relation,RP-2.4-168,2.4,c_burst_error,c_odd_number_of_errors,burst error,odd number of errors,x,burst error,odd number of errors,"In general, it is possible to prove that the following types of errors can be detected by a C(x) with the stated properties:

- All single-bit errors, as long as the x^{k} and x^{0} terms have nonzero coefficients

- All double-bit errors that are j bits apart, as long as the x^{0} term is nonzero and C(x) does not divide evenly into x^{j} + 1

- Any odd number of errors, as long as C(x) contains the factor (x + 1)

- Any “burst” error (i.e., sequence of consecutive errored bits) for which the length of the burst is less than k bits (Most burst errors of length greater than k bits can also be detected.)

Six versions of C(x) are widely used in link-level protocols.",no_relation,no_relation,,,{},family_no_relation,
RM042,test,OTHER_NEAR_MISS,other,RP-2.6-178,2.6,c_preamble,c_signal,preamble,signal,x,preamble,signal,The 64-bit preamble allows the receiver to synchronize with the signal,other,function_means,other,forward,{},relation_other,enables synchronization with
RM043,test,OTHER_NEAR_MISS,other,RP-1-perspective-feature-velocity-103,1-perspective-feature-velocity,c_agile_engineering_process,c_development,agile engineering process,development,x,agile engineering process,development,"And they are increasingly doing this by adopting the best practices of cloud providers, which can be summarized as having two major themes: (1) take advantage of commodity hardware and move all intelligence into software, and (2) adopt agile engineering processes that break down barriers between development and operations.",other,cause_effect,other,forward,{},relation_other,breaks down barriers
RM044,test,ACCEPTED_EDGE,edge,RP-3.2-42,3.2,c_spanning_tree_algorithm,c_switch,spanning tree algorithm,switch,y,switch,spanning tree algorithm,switches run a distributed spanning tree algorithm,edge,mechanism_process,performs,reversed,"{""action_type"": null, ""conditions"": [], ""dimension"": null, ""modality"": ""typically"", ""part_type"": null, ""polarity"": ""affirmed"", ""surface_phrase"": ""run""}",,
RM045,dev,ACCEPTED_EDGE,edge,RP-1.5-283,1.5,c_receiver,c_video_quality,receiver,video quality,x,receiver,video quality,"Unfortunately, if a frame arrives late, then the receiver will not have the frame it needs in time to update the screen, and the video quality will suffer; it will not be smooth.",edge,cause_effect,decreases,forward,"{""action_type"": null, ""conditions"": [""if a frame arrives late""], ""dimension"": null, ""modality"": ""always"", ""part_type"": null, ""polarity"": ""affirmed"", ""surface_phrase"": ""the receiver will not have the frame it needs in time to update the screen, and the video quality will suffer""}",,
RM046,test,ACCEPTED_EDGE,edge,RP-2.4-103,2.4,c_message,c_discarding,message,discarding,x,message,discarding,"If they do not match, it can be sure that either the message or the redundant bits were corrupted, and it must take appropriate action—that is, discarding the message or correcting it if that is possible.",edge,mechanism_process,acts_on,reversed,"{""action_type"": ""drop"", ""conditions"": [""If they do not match""], ""dimension"": null, ""modality"": ""possible"", ""part_type"": null, ""polarity"": ""affirmed"", ""surface_phrase"": ""discarding the message""}",,
RM047,test,ACCEPTED_EDGE,edge,RP-2.8-93,2.8,c_optical_network_unit,c_pon,Optical Network Unit,PON,y,PON,Optical Network Unit,"Figure shows an example PON, simplified to depict just one ONU and one OLT.",edge,classification_structure,part_of,forward,"{""action_type"": null, ""conditions"": [], ""dimension"": null, ""modality"": ""possible"", ""part_type"": ""component"", ""polarity"": ""affirmed"", ""surface_phrase"": ""PON, simplified to depict just one ONU""}",,
RM048,test,OTHER_NEAR_MISS,other,RP-2.1-4,2.1,c_signal,c_binary_data,signal,binary data,y,binary data,signal,We say that the binary data is encoded in the signal.,other,classification_structure,other,forward,{},relation_other,is encoded in
RM049,dev,NO_RELATION,no_relation,RP-1.5-1,1.5,c_bandwidth,c_delay,bandwidth,delay,y,delay,bandwidth,"1.5.1 Bandwidth and Latency

Network performance is measured in two fundamental ways: bandwidth (also called throughput) and latency (also called delay).",no_relation,no_relation,,,{},family_no_relation,
RM050,test,ACCEPTED_EDGE,edge,RP-2.6-2,2.6,c_frame,c_ethernet,frame,Ethernet,y,Ethernet,frame,"As indicated by the CSMA name, the Ethernet is a multiple-access network, meaning that a set of nodes sends and receives frames over a shared link.",edge,mechanism_process,acts_on,reversed,"{""action_type"": ""send"", ""conditions"": [], ""dimension"": null, ""modality"": ""always"", ""part_type"": null, ""polarity"": ""affirmed"", ""surface_phrase"": ""sends and receives frames over a shared link""}",,
RM051,dev,ACCEPTED_EDGE,edge,RP-3.3-8,3.3,c_router,c_datagram,router,datagram,y,datagram,router,The latter is the key to datagram delivery: Every packet contains a full address for its intended destination so that forwarding decisions can be made at each router.,edge,mechanism_process,acts_on,forward,"{""action_type"": ""forward"", ""conditions"": [], ""dimension"": null, ""modality"": ""possible"", ""part_type"": null, ""polarity"": ""affirmed"", ""surface_phrase"": ""forwarding decisions can be made at each router""}",,
RM052,test,NO_RELATION,no_relation,RP-1.2-206,1.2,c_circuit_switching,c_network,circuit switching,network,x,circuit switching,network,"Circuit switching is, however, making a bit of a comeback in the optical networking realm",no_relation,no_relation,,,{},family_no_relation,
RM053,dev,OTHER_NEAR_MISS,other,RP-2.2-5,2.2,c_signal,c_transition,signal,transition,y,transition,signal,"Whenever the signal changes, such as on a transition from 1 to 0 or from 0 to 1, then the receiver knows it is at a clock cycle boundary, and it can resynchronize itself.",other,classification_structure,other,forward,{},relation_other,undergoes
RM054,test,OTHER_NEAR_MISS,near_miss,AP-744,3-perspective-virtual-networks-all-the-way-down,c_network_virtualization_platform,c_virtualization,network virtualization platform,virtualization,y,virtualization,network virtualization platform,open source network virtualization platforms,rejected,function_means,has_purpose,forward,{},domain_range,
RM055,test,ACCEPTED_EDGE,edge,RP-2.8-4,2.8,c_cellular_network,c_radio_spectrum,cellular network,radio spectrum,x,cellular network,radio spectrum,"Like Wi-Fi, cellular networks transmit data at certain bandwidths in the radio spectrum.",edge,function_means,uses,forward,"{""action_type"": null, ""conditions"": [], ""dimension"": null, ""modality"": ""always"", ""part_type"": null, ""polarity"": ""affirmed"", ""surface_phrase"": ""transmit data at certain bandwidths in the""}",,
RM056,test,ACCEPTED_EDGE,edge,AP-705,3.4,c_link_values,c_link,link values,link,y,link,link values,the range of link values was much too large,edge,classification_structure,has_property,reversed,"{""action_type"": null, ""conditions"": [], ""dimension"": null, ""modality"": ""always"", ""part_type"": null, ""polarity"": ""affirmed"", ""surface_phrase"": ""link values""}",,
RM057,dev,ACCEPTED_EDGE,edge,RP-3.3-80,3.3,c_host,c_class_b_address,host,class B address,y,class B address,host,"Class B addresses allocate 14 bits for the network and 16 bits for the host, meaning that each class B network has room for 65,534 hosts.",edge,classification_structure,part_of,forward,"{""action_type"": null, ""conditions"": [], ""dimension"": null, ""modality"": ""always"", ""part_type"": ""component"", ""polarity"": ""affirmed"", ""surface_phrase"": ""addresses allocate 14\u00a0bits for the network and 16\u00a0bits for the host""}",,
RM058,test,NO_RELATION,no_relation,AP-736,3-perspective-virtual-networks-all-the-way-down,c_cloud_datacenter,c_cloud,cloud datacenter,cloud,x,cloud datacenter,cloud,in cloud datacenters,no_relation,no_relation,,,{},family_no_relation,
RM059,test,NO_RELATION,no_relation,AP-87,1.3,c_end_host,c_host,end host,host,x,end host,host,run only on the end hosts and not on the intermediate switches or routers,no_relation,no_relation,,,{},family_no_relation,
RM060,dev,NO_RELATION,no_relation,RP-1.4-11,1.4,c_connection,c_client,connection,client,x,connection,client,"On the client machine, the application process performs an active open; that is, it says who it wants to communicate with by invoking the following single operation:

This operation does not return until TCP has successfully established a connection, at which time the application is free to begin sending data.",no_relation,no_relation,,,{},family_no_relation,
RM061,test,ACCEPTED_EDGE,edge,RP-1.2-553,1.2,c_network_management,c_self_healing_design,network management,self-healing design,x,network management,self-healing design,"Network management has historically been a human-intensive aspect of networking, and while it is unlikely we'll get people entirely out of the loop, it is increasingly being addressed by automation and self-healing designs.",edge,function_means,uses,forward,"{""action_type"": null, ""conditions"": [], ""dimension"": null, ""modality"": ""typically"", ""part_type"": null, ""polarity"": ""affirmed"", ""surface_phrase"": ""is increasingly being addressed by""}",,
RM062,dev,ACCEPTED_EDGE,edge,RP-1.5-7,1.5,c_network,c_data,network,data,y,data,network,This is because the effectiveness of computations distributed over the network often depends directly on the efficiency with which the network delivers the computation’s data.,edge,mechanism_process,acts_on,forward,"{""action_type"": ""send"", ""conditions"": [""computations distributed over the network""], ""dimension"": null, ""modality"": ""typically"", ""part_type"": null, ""polarity"": ""affirmed"", ""surface_phrase"": ""delivers""}",,
RM063,dev,OTHER_NEAR_MISS,near_miss,RP-2.2-123,2.2,c_5_bit_code,c_encoding,5-bit code,encoding,y,encoding,5-bit code,"The resulting 5-bit codes are then transmitted using the NRZI encoding, which explains why the code is only concerned about consecutive 0s—NRZI already solves the problem of consecutive 1s.",rejected,function_means,uses,forward,{},domain_range,
RM064,test,ACCEPTED_EDGE,edge,RP-2.4-28,2.4,c_message,c_long_division,message,long division,y,long division,message,"Now that we know the basic rules for dividing polynomials, we are able to do long division, which is necessary to deal with longer messages.",edge,dependency,requires,forward,"{""action_type"": null, ""conditions"": [""longer messages""], ""dimension"": null, ""modality"": ""necessary"", ""part_type"": null, ""polarity"": ""affirmed"", ""surface_phrase"": ""is necessary to deal with""}",,
RM065,dev,ACCEPTED_EDGE,edge,RP-2.5-224,2.5,c_frame,c_receive_queue,frame,receive queue,y,receive queue,frame,There is also a queue that holds frames that have been received out of order (recvQ).,edge,mechanism_process,acts_on,reversed,"{""action_type"": ""store"", ""conditions"": [""have been received out of order""], ""dimension"": null, ""modality"": ""always"", ""part_type"": null, ""polarity"": ""affirmed"", ""surface_phrase"": ""holds frames""}",,
RM066,test,NO_RELATION,no_relation,RP-3.4-15,3.4,c_routing,c_network,routing,network,x,routing,network,"Before getting into the details of routing, we need to remind ourselves of the key question we should be asking anytime we try to build a mechanism for the Internet: “Does this solution scale?” The answer for the algorithms and protocols described in this section is “not so much.” They are designed for networks of fairly modest size—up to a few hundred nodes, in practice.",no_relation,no_relation,,,{},family_no_relation,
RM067,test,ACCEPTED_EDGE,edge,RP-3.2-6,3.2,c_message,c_switch,message,switch,x,message,switch,The ID for the switch that is sending the message.,edge,mechanism_process,acts_on,reversed,"{""action_type"": ""send"", ""conditions"": [], ""dimension"": null, ""modality"": ""always"", ""part_type"": null, ""polarity"": ""affirmed"", ""surface_phrase"": ""is sending""}",,
RM068,test,ACCEPTED_EDGE,edge,AP-288,2.3,c_frame_overhead,c_frame,frame overhead,frame,x,frame overhead,frame,One of the fields in the frame overhead points to the beginning of the payload.,edge,classification_structure,part_of,forward,"{""action_type"": null, ""conditions"": [], ""dimension"": null, ""modality"": ""always"", ""part_type"": ""component"", ""polarity"": ""affirmed"", ""surface_phrase"": ""frame overhead""}",,
RM069,dev,ACCEPTED_EDGE,edge,RP-3-problem-not-all-networks-are-directly-connected-37,3-problem-not-all-networks-are-directly-connected,c_heterogeneity,c_network,heterogeneity,network,y,network,heterogeneity,"Given the enormous diversity of network types, we also need a way to interconnect disparate networks and links (i.e., deal with heterogeneity).",edge,classification_structure,has_property,reversed,"{""action_type"": null, ""conditions"": [""Given the enormous diversity of network types""], ""dimension"": null, ""modality"": ""typically"", ""part_type"": null, ""polarity"": ""affirmed"", ""surface_phrase"": ""disparate networks and links (i.e., deal with heterogeneity)""}",,
RM070,test,ACCEPTED_EDGE,edge,RP-2.3-173,2.3,c_peer,c_link,peer,link,x,peer,link,establishing a link between two peers,edge,classification_structure,connected_to,forward,"{""action_type"": null, ""conditions"": [], ""dimension"": null, ""modality"": ""always"", ""part_type"": null, ""polarity"": ""affirmed"", ""surface_phrase"": ""between""}",,
RM071,test,ACCEPTED_EDGE,edge,RP-2.6-49,2.6,c_collision_domain,c_link,collision domain,link,y,link,collision domain,"all these hosts are competing for access to the same link, and, as a consequence, they are said to be in the same collision domain",edge,cause_effect,causes,reversed,"{""action_type"": null, ""conditions"": [""competing for access to the same link""], ""dimension"": null, ""modality"": ""always"", ""part_type"": null, ""polarity"": ""affirmed"", ""surface_phrase"": ""as a consequence""}",,
RM072,test,ACCEPTED_EDGE,edge,RP-3.1-142,3.1,c_connection,c_network,connection,network,y,network,connection,different connections to the network,edge,classification_structure,connected_to,forward,"{""action_type"": null, ""conditions"": [], ""dimension"": null, ""modality"": ""typically"", ""part_type"": null, ""polarity"": ""affirmed"", ""surface_phrase"": ""to""}",,
RM073,test,ACCEPTED_EDGE,edge,RP-2.1-0,2.1,c_link,c_router,link,router,x,link,router,"At one end of the spectrum, network operators that build global networks must deal with links that span hundreds or thousands of kilometers connecting refrigerator-sized routers.",edge,classification_structure,connected_to,forward,"{""action_type"": null, ""conditions"": [""network operators that build global networks"", ""links that span hundreds or thousands of kilometers""], ""dimension"": null, ""modality"": ""typically"", ""part_type"": null, ""polarity"": ""affirmed"", ""surface_phrase"": ""connecting""}",,
RM074,dev,ACCEPTED_EDGE,edge,RP-1.4-302,1.4,c_af_inet,c_internet,AF_INET,Internet,y,Internet,AF_INET,connect to the Internet (AF_INET),edge,function_means,has_purpose,forward,"{""action_type"": null, ""conditions"": [], ""dimension"": null, ""modality"": ""typically"", ""part_type"": null, ""polarity"": ""affirmed"", ""surface_phrase"": ""connect to""}",,
RM075,dev,ACCEPTED_EDGE,edge,RP-2.2-113,2.2,c_stream_of_bits,c_bit,stream of bits,bit,x,stream of bits,bit,insert extra bits into the bit stream,edge,classification_structure,part_of,reversed,"{""action_type"": null, ""conditions"": [], ""dimension"": null, ""modality"": ""possible"", ""part_type"": ""member"", ""polarity"": ""affirmed"", ""surface_phrase"": ""into the""}",,
RM076,dev,OTHER_NEAR_MISS,other,AP-633,3.3,c_arp_packet,c_arp,ARP packet,ARP,y,ARP,ARP packet,Figure shows the ARP packet format for IP-to-Ethernet address mappings.,other,classification_structure,other,forward,{},relation_other,is associated with
RM077,dev,ACCEPTED_EDGE,edge,RP-2.5-44,2.5,c_send_queue,c_frame,send queue,frame,x,send queue,frame,saves a copy of the frame in the transmit queue (sendQ),edge,mechanism_process,acts_on,forward,"{""action_type"": ""store"", ""conditions"": [], ""dimension"": null, ""modality"": ""always"", ""part_type"": null, ""polarity"": ""affirmed"", ""surface_phrase"": ""saves a copy of the frame in the transmit queue (sendQ)""}",,
RM078,test,ACCEPTED_EDGE,edge,RP-3-perspective-virtual-networks-all-the-way-down-6,3-perspective-virtual-networks-all-the-way-down,c_l2_network,c_virtual_lan,L2 network,virtual LAN,y,virtual LAN,L2 network,"VLANs, as described in Section 3.2, are how we typically virtualize an L2 network.",edge,function_means,has_purpose,reversed,"{""action_type"": null, ""conditions"": [], ""dimension"": null, ""modality"": ""typically"", ""part_type"": null, ""polarity"": ""affirmed"", ""surface_phrase"": ""are how we typically virtualize""}",,
RM079,test,NO_RELATION,no_relation,AP-367,2.6,c_address_suffix,c_network_address,address suffix,network address,y,network address,address suffix,A given manufacturer then makes sure the address suffixes it produces are unique.,no_relation,no_relation,,,{},family_no_relation,
RM080,test,ACCEPTED_EDGE,edge,AP-209,1-perspective-feature-velocity,c_performance_improvement,c_performance,performance improvement,performance,y,performance,performance improvement,the latest performance improvements,edge,cause_effect,increases,forward,"{""action_type"": null, ""conditions"": [], ""dimension"": null, ""modality"": ""always"", ""part_type"": null, ""polarity"": ""affirmed"", ""surface_phrase"": ""performance improvements""}",,
RM081,dev,ACCEPTED_EDGE,edge,RP-2.2-24,2.2,c_receiver,c_clock_cycle,receiver,clock cycle,y,clock cycle,receiver,"Intuitively, the clock recovery problem is that both the encoding and decoding processes are driven by a clock—every clock cycle the sender transmits a bit and the receiver recovers a bit.",edge,dependency,requires,forward,"{""action_type"": null, ""conditions"": [], ""dimension"": null, ""modality"": ""necessary"", ""part_type"": null, ""polarity"": ""affirmed"", ""surface_phrase"": ""every clock cycle the sender transmits a bit and the receiver recovers a bit""}",,
RM082,test,ACCEPTED_EDGE,edge,AP-708,3.4,c_measurement_cycle,c_cycle,measurement cycle,cycle,y,cycle,measurement cycle,from one measurement cycle to the next,edge,mechanism_process,precedes,forward,"{""action_type"": null, ""conditions"": [], ""dimension"": null, ""modality"": ""always"", ""part_type"": null, ""polarity"": ""affirmed"", ""surface_phrase"": ""to the next""}",,
RM083,test,ACCEPTED_EDGE,edge,RP-3-perspective-virtual-networks-all-the-way-down-0,3-perspective-virtual-networks-all-the-way-down,c_virtual_lan,c_tenant,virtual LAN,tenant,y,tenant,virtual LAN,"VLANs were also seen as a promising way to virtualize L2 networks in cloud datacenters, making it possible to give each tenant their own L2 network so as to isolate their traffic from the traffic of all other tenants.",edge,function_means,uses,reversed,"{""action_type"": null, ""conditions"": [""in cloud datacenters""], ""dimension"": null, ""modality"": ""possible"", ""part_type"": null, ""polarity"": ""affirmed"", ""surface_phrase"": ""making it possible to give each tenant their own L2 network""}",,
RM084,dev,ACCEPTED_EDGE,edge,RP-1.1-158,1.1,c_streaming_application,c_application,streaming application,application,y,application,streaming application,the difference between streaming applications and the more traditional delivery,edge,classification_structure,is_a,forward,"{""action_type"": null, ""conditions"": [], ""dimension"": null, ""modality"": ""necessary"", ""part_type"": null, ""polarity"": ""affirmed"", ""surface_phrase"": ""streaming applications""}",,
RM085,test,ACCEPTED_EDGE,edge,RP-1.2-85,1.2,c_source,c_link,source,link,x,source,link,multiple sources onto a single shared link,edge,classification_structure,connected_to,forward,"{""action_type"": null, ""conditions"": [], ""dimension"": null, ""modality"": ""always"", ""part_type"": null, ""polarity"": ""affirmed"", ""surface_phrase"": ""onto""}",,
RM086,test,NO_RELATION,no_relation,AP-74,3-perspective-virtual-networks-all-the-way-down,c_addressing,c_network_address,addressing,network address,y,network address,addressing,notably addressing and routing tables,no_relation,no_relation,,,{},family_no_relation,
RM087,test,OTHER_NEAR_MISS,other,RP-2.8-444,2.8,c_radio_access_network,c_wireless_network,Radio Access Network,wireless network,x,Radio Access Network,wireless network,The wireless network served by the EPC is often called a Radio Access Network (RAN),other,classification_structure,other,forward,{},relation_other,is called
RM088,test,OTHER_NEAR_MISS,other,AP-515,3.4,c_network_administrator,c_network,network administrator,network,y,network,network administrator,a network administrator,other,function_means,other,forward,{},relation_other,administers
RM089,test,OTHER_NEAR_MISS,other,RP-2.4-158,2.4,c_double_bit_error,c_bit,double-bit error,bit,x,double-bit error,bit,All double-bit errors that are j bits apart,other,classification_structure,other,forward,{},relation_other,are spaced by
RM090,dev,ACCEPTED_EDGE,edge,RP-2.5-242,2.5,c_store_swp_hdr,c_msgaddhdr,store_swp_hdr,msgAddHdr,y,msgAddHdr,store_swp_hdr,One detail worth noting is the call to store_swp_hdr just before the call to msgAddHdr.,edge,mechanism_process,precedes,forward,"{""action_type"": null, ""conditions"": [], ""dimension"": null, ""modality"": ""always"", ""part_type"": null, ""polarity"": ""affirmed"", ""surface_phrase"": ""just before""}",,
RM091,test,ACCEPTED_EDGE,edge,RP-3-perspective-virtual-networks-all-the-way-down-21,3-perspective-virtual-networks-all-the-way-down,c_memory_management_system,c_mapping,memory management system,mapping,y,mapping,memory management system,"This abstraction enables programmers to operate under the illusion that there is plenty of memory and that no-one else is using it, while under the covers the memory management system takes care of things like mapping the virtual memory to physical resources and avoiding conflict between users.",edge,mechanism_process,performs,forward,"{""action_type"": null, ""conditions"": [], ""dimension"": null, ""modality"": ""typically"", ""part_type"": null, ""polarity"": ""affirmed"", ""surface_phrase"": ""takes care of things like""}",,
RM092,test,OTHER_NEAR_MISS,near_miss,RP-2.1-7,2.1,c_wire,c_link,wire,link,x,wire,link,Sometimes this link will be a wireless (Wi-Fi) link in a coffee shop; sometimes it’s an Ethernet link in an office building or university; sometimes it is a smartphone connected to a cellular network; for an increasingly large slice of the population it is a fiber optic link provided by an ISP; and many others use some sort of copper wire or cable to connect.,rejected,function_means,has_purpose,forward,{},domain_range,
RM093,test,ACCEPTED_EDGE,edge,RP-3.5-460,3.5,c_hardware_switch,c_physical_server,hardware switch,physical server,x,hardware switch,physical server,"One consequence of this design that isn’t immediately obvious is that a logically centralized control plane doesn’t just manage a network of physical (hardware) switches that interconnects physical servers, but it also manages a network of virtual (software) switches that interconnect virtual servers (e.g., Virtual Machines and containers).",edge,classification_structure,connected_to,forward,"{""action_type"": null, ""conditions"": [], ""dimension"": null, ""modality"": ""always"", ""part_type"": null, ""polarity"": ""affirmed"", ""surface_phrase"": ""interconnects""}",,
RM094,dev,OTHER_NEAR_MISS,other,RP-1.5-172,1.5,c_delay_bandwidth_product,c_bandwidth,delay × bandwidth product,bandwidth,y,bandwidth,delay × bandwidth product,"the product of these two metrics, often called the delay × bandwidth product",other,classification_structure,other,forward,{},relation_other,is a factor of
RM095,dev,ACCEPTED_EDGE,edge,RP-3.3-669,3.3,c_path_mtu_discovery,c_maximum_transmission_unit,path MTU discovery,maximum transmission unit,x,path MTU discovery,maximum transmission unit,"“path MTU discovery,” a process by which fragmentation is avoided by sending packets that are small enough to traverse the link with the smallest MTU",edge,function_means,uses,forward,"{""action_type"": null, ""conditions"": [], ""dimension"": null, ""modality"": ""always"", ""part_type"": null, ""polarity"": ""affirmed"", ""surface_phrase"": ""by sending packets that are small enough to traverse the link with the smallest MTU""}",,
RM096,test,ACCEPTED_EDGE,edge,RP-3.4-8,3.4,c_cost,c_path,cost,path,y,path,cost,"The basic problem of routing is to find the lowest-cost path between any two nodes, where the cost of a path equals the sum of the costs of all the edges that make up the path.",edge,classification_structure,has_property,reversed,"{""action_type"": null, ""conditions"": [], ""dimension"": null, ""modality"": ""always"", ""part_type"": null, ""polarity"": ""affirmed"", ""surface_phrase"": ""the cost of a path equals""}",,
RM097,test,ACCEPTED_EDGE,edge,RP-2.8-7,2.8,c_waveform,c_subcarrier_spacing,waveform,subcarrier spacing,y,subcarrier spacing,waveform,"In this case, there are two waveforms: one with subcarrier spacing of 15kHz and another of 30kHz.",edge,classification_structure,has_property,forward,"{""action_type"": null, ""conditions"": [""In this case""], ""dimension"": null, ""modality"": ""always"", ""part_type"": null, ""polarity"": ""affirmed"", ""surface_phrase"": ""with subcarrier spacing of""}",,
RM098,test,ACCEPTED_EDGE,edge,RP-2.4-49,2.4,c_detection,c_correction,detection,correction,y,correction,detection,"However, it is worth considering the merits of correction versus detection.",edge,comparison,contrasts_with,forward,"{""action_type"": null, ""conditions"": [], ""dimension"": ""merits"", ""modality"": ""typically"", ""part_type"": null, ""polarity"": ""affirmed"", ""surface_phrase"": ""versus""}",,
RM099,test,ACCEPTED_EDGE,edge,RP-1.3-3,1.3,c_application,c_message,application,message,y,message,application,"For example, a request/reply protocol would support operations by which an application can send and receive messages.",edge,mechanism_process,acts_on,forward,"{""action_type"": ""send"", ""conditions"": [""a request/reply protocol""], ""dimension"": null, ""modality"": ""possible"", ""part_type"": null, ""polarity"": ""affirmed"", ""surface_phrase"": ""can send and receive""}",,
RM100,test,OTHER_NEAR_MISS,other,RP-1.2-102,1.2,c_data,c_round_robin,data,round-robin,x,data,round-robin,"The idea of STDM is to divide time into equal-sized quanta and, in a round-robin fashion, give each flow a chance to send its data over the physical link.",other,function_means,other,forward,{},relation_other,schedules transmission of
RM101,dev,ACCEPTED_EDGE,edge,RP-2.7-441,2.7,c_node,c_active_scanning,node,active scanning,x,node,active scanning,The mechanism just described is called active scanning since the node is actively searching for an access point.,edge,mechanism_process,performs,forward,"{""action_type"": null, ""conditions"": [], ""dimension"": null, ""modality"": ""always"", ""part_type"": null, ""polarity"": ""affirmed"", ""surface_phrase"": ""is actively searching for an access point""}",,
RM102,test,ACCEPTED_EDGE,edge,RP-3.5-286,3.5,c_domain_specific_processor,c_instruction_set,domain-specific processor,instruction set,y,instruction set,domain-specific processor,"The key difference from the earlier implementation on a general-purpose processor is the addition of a Network Processor Unit (NPU), a domain-specific processor with an architecture and instruction set that has been optimized for processing packet headers (i.e., for implementing the data plane).",edge,classification_structure,has_property,forward,"{""action_type"": null, ""conditions"": [], ""dimension"": null, ""modality"": ""always"", ""part_type"": null, ""polarity"": ""affirmed"", ""surface_phrase"": ""with an architecture and instruction set""}",,
RM103,test,ACCEPTED_EDGE,edge,RP-2-perspective-race-to-the-edge-13,2-perspective-race-to-the-edge,c_application,c_cloud_provider,application,cloud provider,x,application,cloud provider,"Cloud providers, in pursuit of low-latency/high-bandwidth applications, are moving out of the datacenter and towards the edge at the same time network operators are adopting the best practices and technologies of the cloud to the edge that already exists and implements the access network.",edge,function_means,has_purpose,reversed,"{""action_type"": null, ""conditions"": [], ""dimension"": null, ""modality"": ""typically"", ""part_type"": null, ""polarity"": ""affirmed"", ""surface_phrase"": ""in pursuit of""}",,
RM104,test,ACCEPTED_EDGE,edge,RP-1.2-3,1.2,c_application,c_network,application,network,x,application,network,"While it is tempting to settle for just understanding the way it’s done today, it is important to recognize the underlying concepts because networks are constantly changing as technology evolves and new applications are invented.",edge,cause_effect,causes,forward,"{""action_type"": null, ""conditions"": [], ""dimension"": null, ""modality"": ""typically"", ""part_type"": null, ""polarity"": ""affirmed"", ""surface_phrase"": ""networks are constantly changing as technology evolves and new applications are invented""}",,
RM105,test,ACCEPTED_EDGE,edge,RP-2.8-0,2.8,c_4g,c_5g,4G,5G,x,4G,5G,"Today, the industry is at 4G (supporting data rates typically measured in the few megabits per second) and is in the process of transitioning to 5G (with the promise of a tenfold increase in data rates).",edge,comparison,contrasts_with,forward,"{""action_type"": null, ""conditions"": [], ""dimension"": ""data rates"", ""modality"": ""typically"", ""part_type"": null, ""polarity"": ""affirmed"", ""surface_phrase"": ""and is in the process of transitioning to""}",,
RM106,test,ACCEPTED_EDGE,edge,RP-2.8-6,2.8,c_frequency,c_carrier,frequency,carrier,x,frequency,carrier,"Fundamentally, 5G defines a family of waveforms—unlike 4G, which specified only one waveform—each optimized for a different band in the radio spectrum.\ [#]_ The bands with carrier frequencies below 1GHz are designed to deliver mobile broadband and massive IoT services with a primary focus on range.",edge,classification_structure,has_property,reversed,"{""action_type"": null, ""conditions"": [""below 1GHz""], ""dimension"": null, ""modality"": ""always"", ""part_type"": null, ""polarity"": ""affirmed"", ""surface_phrase"": ""carrier frequencies""}",,
RM107,test,ACCEPTED_EDGE,edge,RP-2.3-426,2.3,c_concatenation,c_frame,concatenation,frame,y,frame,concatenation,depicts concatenation in the case of three STS-1 frames,edge,mechanism_process,acts_on,forward,"{""action_type"": ""transform"", ""conditions"": [""in the case of three STS-1 frames""], ""dimension"": null, ""modality"": ""always"", ""part_type"": null, ""polarity"": ""affirmed"", ""surface_phrase"": ""in the case of""}",,
RM108,test,ACCEPTED_EDGE,edge,AP-718,3.5,c_packet_forwarding_capacity,c_forwarding,packet forwarding capacity,forwarding,x,packet forwarding capacity,forwarding,aggregate packet forwarding capacity,edge,classification_structure,has_property,reversed,"{""action_type"": null, ""conditions"": [], ""dimension"": null, ""modality"": ""typically"", ""part_type"": null, ""polarity"": ""affirmed"", ""surface_phrase"": ""forwarding capacity""}",,
RM109,test,ACCEPTED_EDGE,edge,RP-3.2-221,3.2,c_ttl,c_forwarding_table,TTL,forwarding table,y,forwarding table,TTL,"Another routine, not shown here, is invoked at regular intervals, scans the entries in the forwarding table, and decrements the TTL (time to live) field of each entry, discarding any entries whose TTL has reached 0.",edge,classification_structure,part_of,forward,"{""action_type"": null, ""conditions"": [], ""dimension"": null, ""modality"": ""always"", ""part_type"": ""component"", ""polarity"": ""affirmed"", ""surface_phrase"": ""field of each entry""}",,
RM110,test,NO_RELATION,no_relation,RP-1-problem-building-a-network-14,1-problem-building-a-network,c_video_on_demand,c_digital_libraries,video on demand,digital libraries,x,video on demand,digital libraries,"Suppose you want to build a computer network, one that has the potential to grow to global proportions and to support applications as diverse as teleconferencing, video on demand, electronic commerce, distributed computing, and digital libraries.",no_relation,no_relation,,,{},family_no_relation,
RM111,test,ACCEPTED_EDGE,edge,AP-114,1.3,c_web_server,c_server,web server,server,x,web server,server,different implementations of web servers,edge,classification_structure,is_a,forward,"{""action_type"": null, ""conditions"": [], ""dimension"": null, ""modality"": ""necessary"", ""part_type"": null, ""polarity"": ""affirmed"", ""surface_phrase"": ""web servers""}",,
RM112,test,NO_RELATION,no_relation,AP-306,2.4,c_generator_polynomial,c_polynomial,generator polynomial,polynomial,y,polynomial,generator polynomial,the degree of the generator polynomial (k),no_relation,no_relation,,,{},family_no_relation,
RM113,test,ACCEPTED_EDGE,edge,RP-3.2-2,3.2,c_switch,c_frame,switch,frame,y,frame,switch,"(The IEEE 802.1 specification is based on this algorithm.) In practice, this means that each switch decides the ports over which it is and is not willing to forward frames.",edge,mechanism_process,acts_on,forward,"{""action_type"": ""forward"", ""conditions"": [], ""dimension"": null, ""modality"": ""always"", ""part_type"": null, ""polarity"": ""affirmed"", ""surface_phrase"": ""decides the ports over which it is and is not willing to forward""}",,
RM114,dev,ACCEPTED_EDGE,edge,RP-1.4-159,1.4,c_generality,c_socket_interface,generality,socket interface,y,socket interface,generality,"Such generality was certainly a goal of the socket interface, although it’s far from perfect.",edge,function_means,has_purpose,reversed,"{""action_type"": null, ""conditions"": [], ""dimension"": null, ""modality"": ""always"", ""part_type"": null, ""polarity"": ""affirmed"", ""surface_phrase"": ""was certainly a goal of""}",,
RM115,dev,ACCEPTED_EDGE,edge,RP-3-problem-not-all-networks-are-directly-connected-70,3-problem-not-all-networks-are-directly-connected,c_reboot,c_node,reboot,node,y,node,reboot,nodes may fail or reboot,edge,mechanism_process,performs,reversed,"{""action_type"": null, ""conditions"": [], ""dimension"": null, ""modality"": ""possible"", ""part_type"": null, ""polarity"": ""affirmed"", ""surface_phrase"": ""may fail or reboot""}",,
RM116,test,ACCEPTED_EDGE,edge,RP-1-problem-building-a-network-22,1-problem-building-a-network,c_software_architecture,c_effective_communication_service,software architecture,effective communication service,x,software architecture,effective communication service,"What available technologies would serve as the underlying building blocks, and what kind of software architecture would you design to integrate these building blocks into an effective communication service?",edge,function_means,has_purpose,forward,"{""action_type"": null, ""conditions"": [], ""dimension"": null, ""modality"": ""possible"", ""part_type"": null, ""polarity"": ""affirmed"", ""surface_phrase"": ""would you design to integrate these building blocks into an""}",,
RM117,test,ACCEPTED_EDGE,edge,RP-2.8-42,2.8,c_multi_access,c_network,multi-access,network,x,multi-access,network,the networks are multi-access,edge,classification_structure,has_property,reversed,"{""action_type"": null, ""conditions"": [], ""dimension"": null, ""modality"": ""always"", ""part_type"": null, ""polarity"": ""affirmed"", ""surface_phrase"": ""are""}",,
RM118,dev,OTHER_NEAR_MISS,near_miss,AP-198,1.5,c_compression_algorithm,c_compression,compression algorithm,compression,x,compression algorithm,compression,the compression algorithm being used,rejected,function_means,has_purpose,forward,{},domain_range,
RM119,dev,ACCEPTED_EDGE,edge,RP-1.4-3,1.4,c_connection,c_operation,connection,operation,x,connection,operation,"It is a blocking operation that does not return until a remote participant has established a connection, and when it does complete it returns a new socket that corresponds to this just-established connection, and the address argument contains the remote participant’s address.",edge,dependency,requires,reversed,"{""action_type"": null, ""conditions"": [], ""dimension"": null, ""modality"": ""necessary"", ""part_type"": null, ""polarity"": ""affirmed"", ""surface_phrase"": ""does not return until""}",,
RM120,test,ACCEPTED_EDGE,edge,RP-1-problem-building-a-network-0,1-problem-building-a-network,c_computer_network,c_application,computer network,application,x,computer network,application,"Suppose you want to build a computer network, one that has the potential to grow to global proportions and to support applications as diverse as teleconferencing, video on demand, electronic commerce, distributed computing, and digital libraries.",edge,function_means,has_purpose,forward,"{""action_type"": null, ""conditions"": [], ""dimension"": null, ""modality"": ""possible"", ""part_type"": null, ""polarity"": ""affirmed"", ""surface_phrase"": ""to support""}",,
RM121,test,ACCEPTED_EDGE,edge,RP-3.4-288,3.4,c_routing_protocol,c_distributed_algorithm,routing protocol,distributed algorithm,y,distributed algorithm,routing protocol,"Note the word distributed in the previous sentence; it is difficult to make centralized solutions scalable, so all the widely used routing protocols use distributed algorithms.",edge,function_means,uses,forward,"{""action_type"": null, ""conditions"": [""widely used""], ""dimension"": null, ""modality"": ""always"", ""part_type"": null, ""polarity"": ""affirmed"", ""surface_phrase"": ""use""}",,
RM122,dev,ACCEPTED_EDGE,edge,RP-3-problem-not-all-networks-are-directly-connected-60,3-problem-not-all-networks-are-directly-connected,c_radio,c_wireless_network,radio,wireless network,x,radio,wireless network,Wireless networks are limited by the range of their radios.,edge,dependency,requires,reversed,"{""action_type"": null, ""conditions"": [], ""dimension"": null, ""modality"": ""necessary"", ""part_type"": ""component"", ""polarity"": ""affirmed"", ""surface_phrase"": ""are limited by the range of their""}",,
RM123,test,ACCEPTED_EDGE,edge,RP-2.6-17,2.6,c_line,c_frame,line,frame,y,frame,line,"When the adaptor has a frame to send and the line is idle, it transmits the frame immediately; there is no negotiation with the other adaptors.",edge,dependency,requires,reversed,"{""action_type"": null, ""conditions"": [""the adaptor has a frame to send""], ""dimension"": null, ""modality"": ""necessary"", ""part_type"": null, ""polarity"": ""affirmed"", ""surface_phrase"": ""the line is idle, it transmits the frame""}",,
RM124,dev,ACCEPTED_EDGE,edge,RP-3.3-768,3.3,c_network,c_address_assignment_inefficiency,network,address assignment inefficiency,y,address assignment inefficiency,network,"The problem we observe here is address assignment inefficiency: A network with two nodes uses an entire class C network address, thereby wasting 253 perfectly useful addresses; a class B network with slightly more than 255 hosts wastes over 64,000 addresses.",edge,classification_structure,has_property,forward,"{""action_type"": null, ""conditions"": [""with two nodes uses an entire class\u00a0C network address"", ""a class\u00a0B network with slightly more than 255 hosts""], ""dimension"": null, ""modality"": ""possible"", ""part_type"": null, ""polarity"": ""affirmed"", ""surface_phrase"": ""uses an entire class\u00a0C network address, thereby wasting 253 perfectly useful addresses""}",,
RM125,test,NO_RELATION,no_relation,RP-3.1-631,3.1,c_source_routing,c_source,source routing,source,x,source routing,source,source routing,no_relation,no_relation,,,{},family_no_relation,
RM126,test,ACCEPTED_EDGE,edge,RP-1-problem-building-a-network-37,1-problem-building-a-network,c_network_architecture,c_network_system,network architecture,network system,y,network system,network architecture,This experience is embodied in a network architecture that identifies the available hardware and software components and shows how they can be arranged to form a complete network system.,edge,function_means,has_purpose,forward,"{""action_type"": null, ""conditions"": [], ""dimension"": null, ""modality"": ""possible"", ""part_type"": null, ""polarity"": ""affirmed"", ""surface_phrase"": ""shows how they can be arranged to form a complete""}",,
RM127,test,ACCEPTED_EDGE,edge,AP-356,2.6,c_tap,c_cable,tap,cable,x,tap,cable,"Ethernet segments were originally implemented using coaxial cable of length up to 500 m. (Modern Ethernets use twisted copper pairs, usually a particular type known as “Category 5,” or optical fibers, and in some cases can be quite a lot longer than 500 m.) This cable was similar to the type used for cable TV. Hosts connected to an Ethernet segment by tapping into it. A transceiver, a small device directly attached to the tap",edge,classification_structure,connected_to,forward,"{""action_type"": null, ""conditions"": [], ""dimension"": null, ""modality"": ""typically"", ""part_type"": null, ""polarity"": ""affirmed"", ""surface_phrase"": ""tapping into it""}",,
RM128,test,ACCEPTED_EDGE,edge,RP-2.3-0,2.3,c_byte,c_frame,byte,frame,y,frame,byte,"2.3.1 Byte-Oriented Protocols (PPP)

One of the oldest approaches to framing—it has its roots in connecting terminals to mainframes—is to view each frame as a collection of bytes (characters) rather than a collection of bits.",edge,classification_structure,part_of,forward,"{""action_type"": null, ""conditions"": [""One of the oldest approaches to framing""], ""dimension"": null, ""modality"": ""possible"", ""part_type"": ""member"", ""polarity"": ""affirmed"", ""surface_phrase"": ""frame as a collection of bytes""}",,
RM129,test,ACCEPTED_EDGE,edge,RP-2.4-224,2.4,c_shift_register,c_cyclic_redundancy_check,shift register,cyclic redundancy check,y,cyclic redundancy check,shift register,"the CRC algorithm, while seemingly complex, is easily implemented in hardware using a k\ -bit shift register and XOR gates",edge,function_means,uses,reversed,"{""action_type"": null, ""conditions"": [""in hardware""], ""dimension"": null, ""modality"": ""possible"", ""part_type"": null, ""polarity"": ""affirmed"", ""surface_phrase"": ""is easily implemented in hardware using""}",,
RM130,dev,ACCEPTED_EDGE,edge,RP-1.5-210,1.5,c_effective_throughput,c_transfer_size,effective throughput,transfer size,y,transfer size,effective throughput,"Clearly, transferring a larger amount of data will help improve the effective throughput, where in the limit an infinitely large transfer size will cause the effective throughput to approach the network bandwidth.",edge,cause_effect,increases,reversed,"{""action_type"": null, ""conditions"": [], ""dimension"": ""effective throughput"", ""modality"": ""always"", ""part_type"": null, ""polarity"": ""affirmed"", ""surface_phrase"": ""will help improve""}",,
RM131,dev,OTHER_NEAR_MISS,other,RP-2.7-729,2.7,c_zigbee,c_ieee_802_15_4,ZigBee,IEEE 802.15.4,y,IEEE 802.15.4,ZigBee,"One of these is ZigBee, devised by the ZigBee alliance and standardized as IEEE 802.15.4.",other,classification_structure,other,forward,{},relation_other,standardized as
RM132,test,ACCEPTED_EDGE,edge,RP-2.4-74,2.4,c_error_correcting_code,c_error_detection,error-correcting code,error detection,x,error-correcting code,error detection,some types of error detection algorithms allow the recipient to reconstruct the correct message even after it has been corrupted; such algorithms rely on error-correcting codes,edge,dependency,requires,reversed,"{""action_type"": null, ""conditions"": [""allow the recipient to reconstruct the correct message even after it has been corrupted""], ""dimension"": null, ""modality"": ""necessary"", ""part_type"": null, ""polarity"": ""affirmed"", ""surface_phrase"": ""rely on""}",,
RM133,dev,NO_RELATION,no_relation,AP-491,3-problem-not-all-networks-are-directly-connected,c_traffic_load,c_internet,traffic load,Internet,y,Internet,traffic load,the ever-increasing traffic load in the Internet’s core,no_relation,no_relation,,,{},family_no_relation,
RM134,test,OTHER_NEAR_MISS,other,AP-222,2-problem-connecting-to-a-network,c_media_access_control,c_link,media access control,link,x,media access control,link,it is necessary to mediate access to this link. This is the media access control problem.,other,function_means,other,forward,{},relation_other,mediates access to
RM135,test,ACCEPTED_EDGE,edge,AP-712,3.4,c_static_metric,c_metric,static metric,metric,x,static metric,metric,static metrics are the norm,edge,classification_structure,is_a,forward,"{""action_type"": null, ""conditions"": [], ""dimension"": null, ""modality"": ""necessary"", ""part_type"": null, ""polarity"": ""affirmed"", ""surface_phrase"": ""static metrics""}",,
RM136,dev,ACCEPTED_EDGE,edge,RP-3-problem-not-all-networks-are-directly-connected-17,3-problem-not-all-networks-are-directly-connected,c_global_network,c_internetworking,global network,internetworking,x,global network,internetworking,"The concept of interconnecting different types of networks to build a large, global network is the core idea of the Internet and is often referred to as internetworking.",edge,function_means,has_purpose,reversed,"{""action_type"": null, ""conditions"": [], ""dimension"": null, ""modality"": ""always"", ""part_type"": null, ""polarity"": ""affirmed"", ""surface_phrase"": ""to build a large, global network""}",,
RM137,test,ACCEPTED_EDGE,edge,RP-2.4-144,2.4,c_divisor_polynomial,c_polynomial_arithmetic_modulo_2,divisor polynomial,polynomial arithmetic modulo 2,y,polynomial arithmetic modulo 2,divisor polynomial,"This is referred to as “polynomial arithmetic modulo 2.” Since this is a networking book, not a mathematics text, let’s focus on the key properties of this type of arithmetic for our purposes (which we ask you to accept on faith):

- Any polynomial B(x) can be divided by a divisor polynomial C(x) if B(x) is of higher degree than C(x).",edge,function_means,uses,reversed,"{""action_type"": null, ""conditions"": [""if B(x) is of higher degree than C(x)""], ""dimension"": null, ""modality"": ""possible"", ""part_type"": null, ""polarity"": ""affirmed"", ""surface_phrase"": ""can be divided by""}",,
RM138,dev,NO_RELATION,no_relation,RP-3-problem-not-all-networks-are-directly-connected-66,3-problem-not-all-networks-are-directly-connected,c_loop_free,c_network,loop free,network,x,loop free,network,"Such paths should be efficient (e.g., no longer than necessary), loop free, and able to respond to the fact that networks are not static",no_relation,no_relation,,,{},family_no_relation,
RM139,dev,ACCEPTED_EDGE,edge,RP-1.4-261,1.4,c_active_open,c_application_process,active open,application process,y,application process,active open,the application process performs an active open,edge,mechanism_process,performs,reversed,"{""action_type"": null, ""conditions"": [], ""dimension"": null, ""modality"": ""always"", ""part_type"": null, ""polarity"": ""affirmed"", ""surface_phrase"": ""performs""}",,
RM140,test,ACCEPTED_EDGE,edge,RP-1.2-119,1.2,c_packet,c_buffer_space,packet,buffer space,x,packet,buffer space,"Should a switch receive packets faster than it can send them for an extended period of time, then the switch will eventually run out of buffer space, and some packets will have to be dropped.",edge,cause_effect,decreases,forward,"{""action_type"": null, ""conditions"": [""receive packets faster than it can send them for an extended period of time""], ""dimension"": ""buffer space"", ""modality"": ""necessary"", ""part_type"": null, ""polarity"": ""affirmed"", ""surface_phrase"": ""will eventually run out of""}",,
RM141,dev,ACCEPTED_EDGE,edge,RP-1.5-8,1.5,c_bandwidth,c_link,bandwidth,link,x,bandwidth,link,"When we talk about the bandwidth of a communication link, we normally refer to the number of bits per second that can be transmitted on the link.",edge,classification_structure,has_property,reversed,"{""action_type"": null, ""conditions"": [], ""dimension"": null, ""modality"": ""typically"", ""part_type"": null, ""polarity"": ""affirmed"", ""surface_phrase"": ""of a""}",,
RM142,test,ACCEPTED_EDGE,edge,RP-2.3-152,2.3,c_lcp_identifier,c_frame,LCP identifier,frame,y,frame,LCP identifier,PPP and LCP work in tandem: LCP sends control messages encapsulated in PPP frames—such messages are denoted by an LCP identifier in the PPP (Protocol) field—and then turns around and changes PPP’s frame format based on the information contained in those control messages.,edge,classification_structure,part_of,forward,"{""action_type"": null, ""conditions"": [""LCP sends control messages encapsulated in PPP frames""], ""dimension"": null, ""modality"": ""always"", ""part_type"": ""component"", ""polarity"": ""affirmed"", ""surface_phrase"": ""in the PPP (Protocol) field""}",,
RM143,test,OTHER_NEAR_MISS,other,RP-3.5-348,3.5,c_network_processor_unit,c_line_speed,Network Processor Unit,line speed,x,Network Processor Unit,line speed,This means the NPU as a whole is able to keep up with line speeds.,other,comparison,other,forward,{},relation_other,keeps up with
RM144,dev,NO_RELATION,no_relation,RP-2.7-1,2.7,c_node,c_distribution_system,node,distribution system,x,node,distribution system,"Figure illustrates a distribution system that connects three access points, each of which services the nodes in some region.",no_relation,no_relation,,,{},family_no_relation,
RM145,dev,ACCEPTED_EDGE,edge,RP-3.3-2,3.3,c_network,c_router,network,router,x,network,router,The nodes that interconnect the networks are called routers.,edge,classification_structure,connected_to,forward,"{""action_type"": null, ""conditions"": [], ""dimension"": null, ""modality"": ""always"", ""part_type"": null, ""polarity"": ""affirmed"", ""surface_phrase"": ""interconnect""}",,
RM146,test,ACCEPTED_EDGE,edge,RP-2-perspective-race-to-the-edge-85,2-perspective-race-to-the-edge,c_purpose_built_appliance,c_cost_savings,purpose-built appliance,cost savings,x,purpose-built appliance,cost savings,"The motivation for operators to do this is in part to benefit from the cost savings that come from replacing purpose-built appliances with commodity hardware, but it is mostly driven by the need to accelerate the pace of innovation.",edge,cause_effect,decreases,forward,"{""action_type"": null, ""conditions"": [], ""dimension"": ""cost savings"", ""modality"": ""typically"", ""part_type"": null, ""polarity"": ""affirmed"", ""surface_phrase"": ""cost savings that come from replacing purpose-built appliances with commodity hardware""}",,
RM147,dev,ACCEPTED_EDGE,edge,RP-2.7-13,2.7,c_distribution_system,c_access_point,distribution system,access point,y,access point,distribution system,"802.11 calls these base stations access points (APs), and they are connected to each other by a so-called distribution system.",edge,classification_structure,connected_to,forward,"{""action_type"": null, ""conditions"": [], ""dimension"": null, ""modality"": ""always"", ""part_type"": null, ""polarity"": ""affirmed"", ""surface_phrase"": ""are connected to each other by""}",,
RM148,dev,OTHER_NEAR_MISS,other,RP-2.5-392,2.5,c_header,c_network_byte_order,header,network byte order,y,network byte order,header,This routine (not shown) must translate each integer field in the header into network byte order and remove any padding that the compiler has added to the C structure.,other,mechanism_process,other,forward,{},relation_other,is translated into
RM149,dev,NO_RELATION,no_relation,RP-2.5-144,2.5,c_transport,c_application_layer,transport,application layer,x,transport,application layer,"including both transport and sometimes, the application layer",no_relation,no_relation,,,{},family_no_relation,
RM150,test,ACCEPTED_EDGE,edge,RP-2.3-425,2.3,c_sts_3c_frame,c_frame,STS-3c frame,frame,y,frame,STS-3c frame,into a single STS-3c frame,edge,classification_structure,is_a,forward,"{""action_type"": null, ""conditions"": [], ""dimension"": null, ""modality"": ""always"", ""part_type"": null, ""polarity"": ""affirmed"", ""surface_phrase"": ""STS-3c frame""}",,
RM151,test,NO_RELATION,no_relation,RP-2.6-373,2.6,c_configuration_table,c_routing,configuration table,routing,x,configuration table,routing,There is no routing or configuration tables to be kept up-to-date,no_relation,no_relation,,,{},family_no_relation,
RM152,dev,ACCEPTED_EDGE,edge,RP-3.3-823,3.3,c_routing,c_aggregation_of_routing_information,routing,aggregation of routing information,x,routing,aggregation of routing information,"This is an example of an aggregation of routing information, which is fundamental to scaling of the routing system.",edge,dependency,requires,forward,"{""action_type"": null, ""conditions"": [""scaling of the routing system""], ""dimension"": null, ""modality"": ""necessary"", ""part_type"": null, ""polarity"": ""affirmed"", ""surface_phrase"": ""is fundamental to scaling of the routing system""}",,
RM153,dev,ACCEPTED_EDGE,edge,RP-2.7-355,2.7,c_csma_ca,c_802_11_wi_fi_standard,CSMA/CA,802.11 Wi-Fi standard,y,802.11 Wi-Fi standard,CSMA/CA,802.11 addresses these problems by using CSMA/CA,edge,function_means,uses,reversed,"{""action_type"": null, ""conditions"": [], ""dimension"": null, ""modality"": ""always"", ""part_type"": null, ""polarity"": ""affirmed"", ""surface_phrase"": ""using""}",,
RM154,test,OTHER_NEAR_MISS,other,RP-3.2-8,3.2,c_switch,c_spanning_tree,switch,spanning tree,y,spanning tree,switch,The hard part is how all of the switches coordinate their decisions to arrive at a single view of the spanning tree.,other,mechanism_process,other,forward,{},relation_other,agree on
RM155,test,ACCEPTED_EDGE,edge,AP-231,2-problem-connecting-to-a-network,c_scalable_network,c_network,scalable network,network,x,scalable network,network,"construction of robust, scalable networks",edge,classification_structure,is_a,forward,"{""action_type"": null, ""conditions"": [], ""dimension"": null, ""modality"": ""necessary"", ""part_type"": null, ""polarity"": ""affirmed"", ""surface_phrase"": ""scalable networks""}",,
RM156,dev,ACCEPTED_EDGE,edge,RP-2.2-122,2.2,c_non_return_to_zero_inverted,c_encoding,non-return to zero inverted,encoding,y,encoding,non-return to zero inverted,"The resulting 5-bit codes are then transmitted using the NRZI encoding, which explains why the code is only concerned about consecutive 0s—NRZI already solves the problem of consecutive 1s.",edge,classification_structure,is_a,forward,"{""action_type"": null, ""conditions"": [], ""dimension"": null, ""modality"": ""always"", ""part_type"": null, ""polarity"": ""affirmed"", ""surface_phrase"": ""NRZI encoding""}",,
RM157,test,NO_RELATION,no_relation,RP-1-perspective-feature-velocity-60,1-perspective-feature-velocity,c_cloud,c_devops_model,cloud,DevOps model,x,cloud,DevOps model,"But if we again look to the cloud for inspiration, we see that develop-and-operate isn’t true just at the company level, but it is also how the fastest moving cloud companies organize their engineering teams: around the DevOps model.",no_relation,no_relation,,,{},family_no_relation,
RM158,dev,ACCEPTED_EDGE,edge,AP-199,1.5,c_channel_capacity,c_channel,channel capacity,channel,x,channel capacity,channel,higher than the available channel capacity,edge,classification_structure,has_property,reversed,"{""action_type"": null, ""conditions"": [], ""dimension"": null, ""modality"": ""always"", ""part_type"": null, ""polarity"": ""affirmed"", ""surface_phrase"": ""channel capacity""}",,
RM159,test,ACCEPTED_EDGE,edge,RP-3.1-7,3.1,c_network,c_switch,network,switch,y,switch,network,"In the simplest terms, a switch is a mechanism that allows us to interconnect links to form a larger network.",edge,function_means,has_purpose,reversed,"{""action_type"": null, ""conditions"": [], ""dimension"": null, ""modality"": ""always"", ""part_type"": null, ""polarity"": ""affirmed"", ""surface_phrase"": ""allows us to interconnect links to form a larger network""}",,
RM160,test,ACCEPTED_EDGE,edge,RP-1-problem-building-a-network-42,1-problem-building-a-network,c_network_applications,c_smartphones,network applications,smartphones,y,smartphones,network applications,"And with the proliferation of smartphones, many more people in this generation are developing networked applications than in the past.",edge,cause_effect,increases,reversed,"{""action_type"": null, ""conditions"": [""in this generation""], ""dimension"": ""number of people developing networked applications"", ""modality"": ""typically"", ""part_type"": null, ""polarity"": ""affirmed"", ""surface_phrase"": ""with the proliferation of smartphones, many more people in this generation are developing networked applications than in the past""}",,
RM161,test,ACCEPTED_EDGE,edge,RP-2-perspective-race-to-the-edge-1,2-perspective-race-to-the-edge,c_application,c_edge,application,edge,y,edge,application,"Cloud providers, in pursuit of low-latency/high-bandwidth applications, are moving out of the datacenter and towards the edge at the same time network operators are adopting the best practices and technologies of the cloud to the edge that already exists and implements the access network.",edge,function_means,has_purpose,reversed,"{""action_type"": null, ""conditions"": [], ""dimension"": null, ""modality"": ""typically"", ""part_type"": null, ""polarity"": ""affirmed"", ""surface_phrase"": ""in pursuit of low-latency/high-bandwidth applications, are moving out of the datacenter and towards the edge""}",,
RM162,test,ACCEPTED_EDGE,edge,AP-481,2-perspective-race-to-the-edge,c_physical_automation_use_case,c_automation,physical automation use case,automation,x,physical automation use case,automation,physical automation use cases,edge,function_means,uses,forward,"{""action_type"": null, ""conditions"": [], ""dimension"": null, ""modality"": ""always"", ""part_type"": null, ""polarity"": ""affirmed"", ""surface_phrase"": """"}",,
RM163,dev,NO_RELATION,no_relation,RP-1.1-104,1.1,c_video,c_streaming_session,video,streaming session,y,streaming session,video,"While we frequently start at a website to initiate a streaming session, the delivery of audio and video has some important differences from fetching a simple web page of text and images.",no_relation,no_relation,,,{},family_no_relation,
RM164,dev,ACCEPTED_EDGE,edge,RP-2.7-141,2.7,c_piconet,c_slave_device,piconet,slave device,x,piconet,slave device,"The basic Bluetooth network configuration, called a piconet, consists of a master device and up to seven slave devices, as shown in Figure.",edge,classification_structure,part_of,reversed,"{""action_type"": null, ""conditions"": [], ""dimension"": null, ""modality"": ""always"", ""part_type"": ""member"", ""polarity"": ""affirmed"", ""surface_phrase"": ""consists of a master device and up to seven slave devices""}",,
RM165,test,NO_RELATION,no_relation,RP-3.5-537,3.5,c_application,c_control_app,application,Control App,x,application,Control App,"Like a server operating system (e.g., Linux, iOS, Android, Windows) that provides a set of high-level abstractions that make it easier to implement applications (e.g., you can read and write files instead of directly accessing disk drives), a NOS makes it easier to implement network control functionality, otherwise known as Control Apps.",no_relation,comparison,contrasts_with,forward,{},comparison_no_grounded_dimension,
RM166,dev,NO_RELATION,no_relation,AP-254,2.2,c_modulation_scheme,c_modulation,modulation scheme,modulation,y,modulation,modulation scheme,If the modulation scheme is able to utilize (and recognize) four different signals,no_relation,no_relation,,,{},family_no_relation,
RM167,test,NO_RELATION,no_relation,RP-2.1-109,2.1,c_coaxial,c_fiber_to_the_home,coaxial,fiber-to-the-home,x,coaxial,fiber-to-the-home,"One way to characterize links, then, is by the medium they use—typically, copper wire in some form, such as twisted pair (some Ethernets and landline phones) and coaxial (cable); optical fiber, which is used for both fiber-to-the-home and many long-distance links in the Internet’s backbone; or air/free space for wireless links.",no_relation,no_relation,,,{},family_no_relation,
RM168,dev,ACCEPTED_EDGE,edge,RP-2.7-446,2.7,c_node,c_passive_scanning,node,passive scanning,y,passive scanning,node,"This is called passive scanning, and a node can change to this AP based on the Beacon frame simply by sending an Association Request frame back to the access point.",edge,mechanism_process,performs,forward,"{""action_type"": null, ""conditions"": [""based on the Beacon frame"", ""by sending an Association Request frame back to the access point""], ""dimension"": null, ""modality"": ""possible"", ""part_type"": null, ""polarity"": ""affirmed"", ""surface_phrase"": ""passive scanning, and a node can change""}",,
RM169,dev,ACCEPTED_EDGE,edge,RP-1.4-12,1.4,c_server,c_port,server,port,x,server,port,"Whereas a server usually listens for messages on a well-known port, a client typically does not care which port it uses for itself; the OS simply selects an unused one.",edge,function_means,uses,forward,"{""action_type"": null, ""conditions"": [], ""dimension"": null, ""modality"": ""typically"", ""part_type"": null, ""polarity"": ""affirmed"", ""surface_phrase"": ""usually listens for messages on""}",,
RM170,test,ACCEPTED_EDGE,edge,RP-3.2-351,3.2,c_source_field,c_header,source field,header,x,source field,header,in the source field of the frame header,edge,classification_structure,part_of,forward,"{""action_type"": null, ""conditions"": [], ""dimension"": null, ""modality"": ""always"", ""part_type"": ""component"", ""polarity"": ""affirmed"", ""surface_phrase"": ""of the""}",,
RM171,test,OTHER_NEAR_MISS,other,RP-3-perspective-virtual-networks-all-the-way-down-105,3-perspective-virtual-networks-all-the-way-down,c_virtualized_resource,c_virtualization,virtualized resource,virtualization,x,virtualized resource,virtualization,"The powerful thing about virtualization is that when done right, it should be possible to nest one virtualized resource inside another virtualized resource, since after all, a virtual resource should behave just like a physical resources and we know how to virtualize physical resources!",other,cause_effect,other,forward,{},relation_other,enables nesting of
RM172,dev,ACCEPTED_EDGE,edge,RP-3.3-29,3.3,c_internet_protocol,c_protocol,Internet Protocol,protocol,y,protocol,Internet Protocol,The next layer consists of a single protocol—the Internet Protocol (IP).,edge,classification_structure,is_a,forward,"{""action_type"": null, ""conditions"": [], ""dimension"": null, ""modality"": ""always"", ""part_type"": null, ""polarity"": ""affirmed"", ""surface_phrase"": ""protocol\u2014the Internet Protocol""}",,
RM173,test,ACCEPTED_EDGE,edge,RP-2.1-85,2.1,c_optical_fiber,c_link,optical fiber,link,y,link,optical fiber,"One way to characterize links, then, is by the medium they use—typically, copper wire in some form, such as twisted pair (some Ethernets and landline phones) and coaxial (cable); optical fiber, which is used for both fiber-to-the-home and many long-distance links in the Internet’s backbone; or air/free space for wireless links.",edge,function_means,uses,reversed,"{""action_type"": null, ""conditions"": [""long-distance links in the Internet\u2019s backbone""], ""dimension"": null, ""modality"": ""typically"", ""part_type"": null, ""polarity"": ""affirmed"", ""surface_phrase"": ""is used for""}",,
RM174,test,ACCEPTED_EDGE,edge,RP-3.4-331,3.4,c_path,c_split_horizon_with_poison_reverse,path,split horizon with poison reverse,y,split horizon with poison reverse,path,"In a stronger variation of split horizon, called split horizon with poison reverse, B actually sends that route back to A, but it puts negative information in the route to ensure that A will not eventually use B to get to E.",edge,mechanism_process,acts_on,reversed,"{""action_type"": ""send"", ""conditions"": [], ""dimension"": null, ""modality"": ""always"", ""part_type"": null, ""polarity"": ""affirmed"", ""surface_phrase"": ""sends that route back to A, but it puts negative information in the route""}",,
RM175,dev,ACCEPTED_EDGE,edge,RP-2.7-60,2.7,c_spread_spectrum,c_direct_sequence,spread spectrum,direct sequence,x,spread spectrum,direct sequence,"A second spread spectrum technique, called direct sequence, adds redundancy for greater tolerance of interference.",edge,classification_structure,is_a,reversed,"{""action_type"": null, ""conditions"": [], ""dimension"": null, ""modality"": ""always"", ""part_type"": null, ""polarity"": ""affirmed"", ""surface_phrase"": ""called""}",,
RM176,test,ACCEPTED_EDGE,edge,RP-3.1-415,3.1,c_virtual_private_network,c_virtual_circuit,virtual private network,virtual circuit,y,virtual circuit,virtual private network,"One of the most common applications of virtual circuits for many years was the construction of virtual private networks (VPNs), a subject discussed in a later section.",edge,function_means,has_purpose,reversed,"{""action_type"": null, ""conditions"": [""for many years""], ""dimension"": null, ""modality"": ""typically"", ""part_type"": null, ""polarity"": ""affirmed"", ""surface_phrase"": ""applications of virtual circuits for many years was the construction of virtual private networks""}",,
RM177,test,NO_RELATION,no_relation,AP-482,2-perspective-race-to-the-edge,c_automation_robot,c_automation,automation robot,automation,y,automation,automation robot,a factory floor making use of automation robots,no_relation,no_relation,,,{},family_no_relation,
RM178,dev,NO_RELATION,no_relation,RP-3.3-1275,3.3,c_source_address,c_destination_address,source address,destination address,y,destination address,source address,"The destination address in the IP header is the address of the router at the far end of the tunnel, while the source address is that of the encapsulating router.",no_relation,comparison,contrasts_with,forward,{},comparison_no_grounded_dimension,
RM179,test,ACCEPTED_EDGE,edge,RP-3.4-318,3.4,c_node,c_triggered_update,node,triggered update,x,node,triggered update,"The second mechanism, sometimes called a triggered update, happens whenever a node notices a link failure or receives an update from one of its neighbors that causes it to change one of the routes in its routing table.",edge,mechanism_process,performs,forward,"{""action_type"": null, ""conditions"": [""a node notices a link failure"", ""receives an update from one of its neighbors that causes it to change one of the routes in its routing table""], ""dimension"": null, ""modality"": ""always"", ""part_type"": null, ""polarity"": ""affirmed"", ""surface_phrase"": ""happens whenever""}",,
RM180,dev,NO_RELATION,no_relation,AP-261,2.2,c_framing_protocol,c_framing,framing protocol,framing,y,framing,framing protocol,Some of the framing protocols described later in this chapter make use of these control symbols.,no_relation,no_relation,,,{},family_no_relation,
